Country,Year,Month,Inflation,InterestRate,ExchangeRate,NIFTY50,VIX,inflation_lag_1,inflation_lag_2,interest_lag_1,exchange_lag_1,nifty_lag_1,vix_lag_1,inflation_roll_3,nifty_roll_3,vix_roll_3,inflation_std_3,inflation_change,nifty_return,vix_change,stagflation_index,market_stress,economic_risk,economic_risk_next
IND,2010,3,8.866149028190728,8.56,45.5625,5178.14761904762,19.521,8.866149028190728,8.866149028190728,8.56,45.79222222222222,4839.5725,19.521,8.866149028190728,5057.981267752715,19.521,0.0,0.0,0.06995971628643227,0.0,75.89423568131264,0.0037698809373824613,2.1396466874792215,2.133333610707711
IND,2010,4,8.866149028190728,8.56,45.5525,5294.755,19.521,8.866149028190728,8.866149028190728,8.56,45.5625,5178.14761904762,19.521,8.866149028190728,5104.158373015874,19.521,0.0,0.0,0.02251913030123842,0.0,75.89423568131264,0.0036868561434853925,2.133333610707711,2.123608706188094
IND,2010,5,8.866149028190728,8.56,45.24625,5052.971428571428,19.521,8.866149028190728,8.866149028190728,8.56,45.5525,5294.755,19.521,8.866149028190728,5175.291349206349,19.521,0.0,0.0,-0.0456647326323073,0.0,75.89423568131264,0.003863271399007091,2.123608706188094,2.123169972211487
IND,2010,6,8.866149028190728,8.56,45.32285714285714,5187.775000000001,19.521,8.866149028190728,8.866149028190728,8.56,45.24625,5052.971428571428,19.521,8.866149028190728,5178.500476190476,19.521,0.0,0.0,0.026678079093489737,0.0,75.89423568131264,0.003762884859115902,2.123169972211487,2.1202082611599273
IND,2010,7,8.866149028190728,8.56,45.66,5359.745454545454,19.521,8.866149028190728,8.866149028190728,8.56,45.32285714285714,5187.775000000001,19.521,8.866149028190728,5200.163961038961,19.521,0.0,0.0,0.03314917369112069,0.0,75.89423568131264,0.0036421505770287605,2.1202082611599273,2.0682303580926047
IND,2010,8,8.866149028190728,8.56,45.6065,5457.238636363636,17.582272727272727,8.866149028190728,8.866149028190728,8.56,45.66,5359.745454545454,19.521,8.866149028190728,5334.919696969697,18.874757575757574,0.0,0.0,0.01818989029329754,-1.9387272727272737,75.89423568131264,0.0032218258901334134,2.0682303580926047,2.038718312905908
IND,2010,9,8.866149028190728,8.56,45.72777777777778,5811.483333333333,19.45809523809524,8.866149028190728,8.866149028190728,8.56,45.6065,5457.238636363636,17.582272727272727,8.866149028190728,5542.822474747474,18.85378932178932,0.0,0.0,0.06491281041097063,1.8758225108225126,75.89423568131264,0.0033482149258672184,2.038718312905908,2.0417619965305924
IND,2010,10,8.866149028190728,8.56,45.675,6096.107142857143,21.63571428571429,8.866149028190728,8.866149028190728,8.56,45.72777777777778,5811.483333333333,19.45809523809524,8.866149028190728,5788.276370851371,19.558694083694085,0.0,0.0,0.048976103551957806,2.17761904761905,75.89423568131264,0.0035491033504988553,2.0417619965305924,2.071524324196145
IND,2010,11,8.866149028190728,8.56,45.958333333333336,6055.330952380952,20.876666666666665,8.866149028190728,8.866149028190728,8.56,45.675,6096.107142857143,21.63571428571429,8.866149028190728,5987.640476190477,20.656825396825397,0.0,0.0,-0.006688890060596919,-0.7590476190476245,75.89423568131264,0.0034476508106395035,2.071524324196145,2.0654690799283357
IND,2010,12,8.866149028190728,8.56,45.52222222222222,5971.320454545454,19.529090909090908,8.866149028190728,8.866149028190728,8.56,45.958333333333336,6055.330952380952,20.876666666666665,8.866149028190728,6040.919516594517,20.68049062049062,0.0,0.0,-0.013873807806073057,-1.3475757575757576,75.89423568131264,0.0032704811369192364,2.0654690799283357,2.0704531240541035
IND,2011,1,8.866149028190728,8.56,46.07888888888888,5782.71,21.0985,8.866149028190728,8.866149028190728,8.56,45.52222222222222,5971.320454545454,19.529090909090908,8.866149028190728,5936.453802308803,20.501419191919194,0.0,0.0,-0.03158605470618825,1.5694090909090939,75.89423568131264,0.003648548863768026,2.0704531240541035,2.1614505225945764
IND,2011,2,8.902066376505488,8.535,46.13625,5400.9175000000005,24.536,8.866149028190728,8.866149028190728,8.56,46.07888888888888,5782.71,21.0985,8.878121477628982,5718.315984848486,21.721196969696972,0.020736890718103796,0.03591734831475968,-0.0660231102718275,3.4375,75.97913652347434,0.00454293182593513,2.1614505225945764,2.239371234939894
IND,2011,3,8.937983724820247,8.51,45.8775,5538.418181818181,23.14090909090909,8.902066376505488,8.866149028190728,8.535,46.13625,5400.9175000000005,24.536,8.902066376505488,5574.015227272728,22.925136363636366,0.03591734831475916,0.03591734831475968,0.0254587635930712,-1.3950909090909107,76.0622414982203,0.004178252405511255,2.239371234939894,2.225752372716028
IND,2011,4,8.973901073135007,8.485,45.86125,5839.094444444444,20.834444444444443,8.937983724820247,8.902066376505488,8.51,45.8775,5538.418181818181,23.14090909090909,8.937983724820247,5592.810042087542,22.837117845117845,0.035917348314758714,0.03591734831475968,0.054289194632022975,-2.306464646464647,76.14355060555053,0.0035680951289060233,2.225752372716028,2.143182773707419
IND,2011,5,9.009818421449769,8.46,46.291428571428575,5492.197727272727,20.38,8.973901073135007,8.937983724820247,8.485,45.86125,5839.094444444444,20.834444444444443,8.973901073135007,5623.236784511784,21.45178451178451,0.03591734831476027,0.035917348314761455,-0.05940933486728728,-0.45444444444444443,76.22306384546505,0.0037107185523927123,2.143182773707419,2.0706280629368794
IND,2011,6,9.045735769764526,8.435,46.2,5472.636363636364,19.15,9.009818421449769,8.973901073135007,8.46,46.291428571428575,5492.197727272727,20.38,9.009818421449767,5601.309511784511,20.121481481481478,0.035917348314759824,0.0359173483147579,-0.003561664129320574,-1.2300000000000004,76.30078121796379,0.003499227561919633,2.0706280629368794,2.044661862297518
IND,2011,7,9.081653118079286,8.41,46.434000000000005,5596.588095238096,19.07,9.045735769764526,9.009818421449769,8.435,46.2,5472.636363636364,19.15,9.045735769764526,5520.474062049063,19.533333333333335,0.03591734831476027,0.03591734831475968,0.022649363737255568,-0.0799999999999983,76.37670272304679,0.0034074331852697666,2.044661862297518,2.1606319422405287
IND,2011,8,9.117570466394046,8.385,46.18333333333333,5076.742857142857,26.360952380952384,9.081653118079286,9.045735769764526,8.41,46.434000000000005,5596.588095238096,19.07,9.081653118079286,5381.989105339107,21.52698412698413,0.03591734831476182,0.03591734831475968,-0.09288609939644354,7.290952380952383,76.45082836071407,0.005192493124575563,2.1606319422405287,2.3705582419242117
IND,2011,9,9.153487814708804,8.36,46.665,5015.578571428571,30.450000000000003,9.117570466394046,9.081653118079286,8.385,46.18333333333333,5076.742857142857,26.360952380952384,9.117570466394044,5229.636507936509,25.293650793650794,0.03591734831476182,0.0359173483147579,-0.01204793849824981,4.089047619047619,76.5231581309656,0.00607108423611576,2.3705582419242117,2.536402735433489
IND,2011,10,9.189405163023563,8.335,45.83857142857143,5060.015789473684,27.61368421052632,9.153487814708804,9.117570466394046,8.36,46.665,5015.578571428571,30.450000000000003,9.153487814708804,5050.779072681704,28.141545530492902,0.03591734831476338,0.03591734831475968,0.008859838882447457,-2.8363157894736837,76.5936920338014,0.005457232814958972,2.536402735433489,2.529851763912978
IND,2011,11,9.225322511338325,8.31,45.48125,5004.2775,26.166000000000004,9.189405163023563,9.153487814708804,8.335,45.83857142857143,5060.015789473684,27.61368421052632,9.189405163023565,5026.6239536340845,28.076561403508776,0.03591734831476604,0.035917348314761455,-0.011015437854884902,-1.4476842105263152,76.66243006922149,0.0052287268242018955,2.529851763912978,2.484591257009805
IND,2011,12,9.261239859653084,8.285,46.61625,4782.364285714286,27.59523809523809,9.225322511338325,9.189405163023563,8.31,45.48125,5004.2775,26.166000000000004,9.225322511338325,4948.88585839599,27.12497410192147,0.035917348314767596,0.03591734831475968,-0.044344705961193,1.4292380952380874,76.7293722372258,0.0057702083000388815,2.484591257009805,2.4189974854270218
IND,2012,1,9.297157207967844,8.26,52.577685714285714,4920.015909090909,23.829545454545453,9.261239859653084,9.225322511338325,8.285,46.61625,4782.364285714286,27.59523809523809,9.261239859653084,4902.219231601732,25.863594516594517,0.035917348314767596,0.03591734831475968,0.028783174001991263,-3.765692640692638,76.7945185378144,0.004843387886310419,2.4189974854270218,2.370937937924937
IND,2012,2,9.432498748473636,8.247430555555555,52.475,5409.09,24.4995,9.297157207967844,9.261239859653084,8.26,52.577685714285714,4920.015909090909,23.829545454545453,9.330298605364854,5037.156731601732,25.30809451659451,0.09031149382045921,0.1353415405057916,0.0994049815988216,0.6699545454545479,77.79387839340099,0.00452932008896136,2.370937937924937,2.310156557722649
IND,2012,3,9.567840288979427,8.234861111111112,52.8375,5298.484090909091,25.156818181818185,9.432498748473636,9.297157207967844,8.247430555555555,52.475,5409.09,24.4995,9.432498748473636,5209.196666666667,24.495287878787877,0.13534154050579159,0.1353415405057916,-0.020448154697168874,0.6573181818181837,78.78983591303879,0.004747927473252428,2.310156557722649,2.244842858377099
IND,2012,4,9.70318182948522,8.222291666666667,53.59571428571429,5254.4800000000005,20.321,9.567840288979427,9.432498748473636,8.234861111111112,52.8375,5298.484090909091,25.156818181818185,9.567840288979427,5320.684696969697,23.32577272727273,0.1353415405057905,0.1353415405057934,-0.008305034072781381,-4.835818181818183,79.78239109672775,0.003867366513908132,2.244842858377099,2.2530557711823893
IND,2012,5,9.838523369991012,8.209722222222222,53.446666666666665,4966.506818181818,23.193181818181817,9.70318182948522,9.567840288979427,8.222291666666667,53.59571428571429,5254.4800000000005,20.321,9.70318182948522,5173.15696969697,22.890333333333334,0.1353415405057894,0.1353415405057916,-0.054805267470459995,2.872181818181815,80.77154394446788,0.004669918449175225,2.2530557711823893,2.2365337147450997
IND,2012,6,9.973864910496804,8.197152777777777,53.385630000000006,5074.214285714285,22.99619047619048,9.838523369991012,9.70318182948522,8.209722222222222,53.446666666666665,4966.506818181818,23.193181818181817,9.838523369991012,5098.400367965368,22.170124098124102,0.13534154050578828,0.1353415405057916,0.021686765260879648,-0.1969913419913354,81.75729445625917,0.004531970701539531,2.2365337147450997,2.203145682100895
IND,2012,7,10.109206451002596,8.184583333333332,53.2925,5222.011363636364,17.69090909090909,9.973864910496804,9.838523369991012,8.197152777777777,53.385630000000006,5074.214285714285,22.99619047619048,9.973864910496804,5087.577489177489,21.29342712842713,0.13534154050578828,0.1353415405057916,0.02912708640196371,-5.30528138528139,82.73964263210165,0.003387757677836605,2.203145682100895,2.0774635934879133
IND,2012,8,10.244547991508387,8.17201388888889,52.91666666666666,5329.721428571428,16.272380952380953,10.109206451002596,9.973864910496804,8.184583333333332,53.2925,5222.011363636364,17.69090909090909,10.109206451002596,5208.649025974026,18.986493506493506,0.13534154050578828,0.1353415405057916,0.020626164409581094,-1.4185281385281385,83.71858847199532,0.0030531391125150384,2.0774635934879133,1.960204400495357
IND,2012,9,10.37988953201418,8.159444444444444,52.74666666666667,5485.265,16.688,10.244547991508387,10.109206451002596,8.17201388888889,52.91666666666666,5329.721428571428,16.272380952380953,10.244547991508389,5345.6659307359305,16.88376334776335,0.1353415405057894,0.1353415405057934,0.029184184110399913,0.415619047619046,84.69413197594015,0.003042332503534469,1.960204400495357,1.9112200971729205
IND,2012,10,10.51523107251997,8.146875,53.25222222222222,5688.630952380952,15.473809523809525,10.37988953201418,10.244547991508387,8.159444444444444,52.74666666666667,5485.265,16.688,10.37988953201418,5501.2057936507945,16.14473015873016,0.1353415405057894,0.13534154050578984,0.03707495488020207,-1.214190476190474,85.66627314393612,0.0027201289120949265,1.9112200971729205,1.8829451301995717
IND,2012,11,10.650572613025764,8.134305555555557,53.7925,5679.6225,14.9445,10.51523107251997,10.37988953201418,8.146875,53.25222222222222,5688.630952380952,15.473809523809525,10.515231072519972,5617.839484126984,15.702103174603174,0.1353415405057905,0.1353415405057934,-0.0015835888206425786,-0.5293095238095251,86.63501197598333,0.0026312488197939208,1.8829451301995717,1.8412824645376922
IND,2012,12,10.785914153531555,8.121736111111112,53.29875,5890.955,14.7335,10.650572613025764,10.51523107251997,8.134305555555557,53.7925,5679.6225,14.9445,10.650572613025764,5753.069484126984,15.050603174603175,0.13534154050579272,0.1353415405057916,0.03720889900693214,-0.2110000000000003,87.60034847208168,0.0025010376076544465,1.8412824645376922,1.8138000907103222
IND,2013,1,10.921255694037349,8.109166666666667,57.515,5916.509464882943,13.870434782608696,10.785914153531555,10.650572613025764,8.121736111111112,53.29875,5890.955,14.7335,10.785914153531557,5829.028988294314,14.516144927536232,0.13534154050579428,0.1353415405057934,0.0043379154793989905,-0.8630652173913038,88.5622826322312,0.0023443611245677473,1.8138000907103222,1.8093261936187206
IND,2013,2,10.542353939887583,8.148958333333333,58.23285714285714,5942.063929765886,15.503,10.921255694037349,10.785914153531555,8.109166666666667,57.515,5916.509464882943,13.870434782608696,10.749841262485496,5916.509464882943,14.702311594202898,0.1920093094768021,-0.3789017541497657,0.004319179244894444,1.6325652173913046,85.90920299139641,0.0026090261200893555,1.8093261936187206,1.7954129668241983
IND,2013,3,10.163452185737825,8.18875,58.95625,5967.618394648829,14.998947368421051,10.542353939887583,10.921255694037349,8.148958333333333,58.23285714285714,5942.063929765886,15.503,10.542353939887585,5942.063929765885,14.79079405034325,0.3789017541497618,-0.3789017541497586,0.004300604164645838,-0.5040526315789489,83.22596908596061,0.0025133891573681432,1.7954129668241983,1.7946211772048948
IND,2013,4,9.78455043158806,8.228541666666667,58.50777777777777,5993.172859531773,15.6355,10.163452185737825,10.542353939887583,8.18875,58.95625,5967.618394648829,14.998947368421051,10.163452185737823,5967.618394648828,15.379149122807016,0.3789017541497607,-0.3789017541497639,0.004282188168375223,0.6365526315789491,80.51258091592368,0.002608885204292531,1.7946211772048948,1.7915451515928436
IND,2013,5,9.405648677438297,8.268333333333334,58.88111111111112,6018.727324414715,17.13608695652174,9.78455043158806,10.163452185737825,8.228541666666667,58.50777777777777,5993.172859531773,15.6355,9.78455043158806,5993.172859531773,15.923511441647598,0.3789017541497629,-0.3789017541497639,0.004263929221113738,1.5005869565217402,77.76903848128566,0.0028471279778716544,1.7915451515928436,1.8237761757042419
IND,2013,6,9.026746923288536,8.308125,58.60875,6044.281789297659,18.672,9.405648677438297,9.78455043158806,8.268333333333334,58.88111111111112,6018.727324414715,17.13608695652174,9.405648677438299,6018.727324414715,17.14786231884058,0.3789017541497618,-0.37890175414976035,0.004245825322453545,1.53591304347826,74.99534178204658,0.0030892007770156713,1.8237761757042419,1.8394695641093595
IND,2013,7,8.647845169138773,8.347916666666666,57.3625,6069.836254180602,18.35304347826087,9.026746923288536,9.405648677438297,8.308125,58.60875,6044.281789297659,18.672,9.026746923288535,6044.281789297659,18.05371014492754,0.3789017541497629,-0.3789017541497639,0.004227874505816631,-0.3189565217391319,72.19149081820638,0.00302364721381408,1.8394695641093595,1.935650007507175
IND,2013,8,8.26894341498901,8.387708333333334,57.47999999999999,6095.3907190635455,24.504,8.647845169138773,9.026746923288536,8.347916666666666,57.3625,6069.836254180602,18.35304347826087,8.647845169138774,6069.836254180603,20.509681159420293,0.37890175414976507,-0.3789017541497621,0.004210074837742717,6.150956521739133,69.35748558976512,0.00402008683764322,1.935650007507175,2.0599742249549906
IND,2013,9,7.8900416608392465,8.4275,59.0075,6120.945183946488,27.666000000000004,8.26894341498901,8.647845169138773,8.387708333333334,57.47999999999999,6095.3907190635455,24.504,8.26894341498901,6095.390719063545,23.50768115942029,0.3789017541497666,-0.3789017541497639,0.0041924244171944736,3.1620000000000026,66.49332609672275,0.004519890175223283,2.0599742249549906,2.1012975291814135
IND,2013,10,7.511139906689484,8.467291666666668,58.5025,6146.499648829432,22.55142857142857,7.8900416608392465,8.26894341498901,8.4275,59.0075,6120.945183946488,27.666000000000004,7.890041660839247,6120.945183946489,24.90714285714286,0.3789017541497674,-0.3789017541497621,0.004174921374882734,-5.114571428571434,63.59901233907932,0.003668987205705506,2.1012975291814135,1.995793216173914
IND,2013,11,7.132238152539722,8.507083333333334,57.93,6172.054113712375,20.219,7.511139906689484,7.8900416608392465,8.467291666666668,58.5025,6146.499648829432,22.55142857142857,7.5111399066894835,6146.499648829432,23.47880952380952,0.3789017541497666,-0.3789017541497621,0.004157563872603465,-2.3324285714285686,60.6745443168348,0.003275894803818992,1.995793216173914,1.802389848082699
IND,2013,12,6.753336398389959,8.546875000000002,58.93444444444444,6197.608578595318,18.302380952380958,7.132238152539722,7.511139906689484,8.507083333333334,57.93,6172.054113712375,20.219,7.132238152539721,6172.0541137123755,20.357603174603177,0.3789017541497672,-0.378901754149763,0.004140350102597168,-1.9166190476190437,57.71992202998919,0.0029531359911292064,1.802389848082699,1.6618880317870108
IND,2014,1,6.374434644240197,8.586666666666668,60.81166666666667,6223.163043478261,16.24434782608696,6.753336398389959,7.132238152539722,8.546875000000002,58.93444444444444,6197.608578595318,18.302380952380958,6.753336398389959,6197.608578595318,18.255242926155972,0.37890175414976773,-0.3789017541497621,0.004123278286918719,-2.0580331262939993,54.7351454785425,0.002610304070871272,1.6618880317870108,1.5722863097876558
IND,2014,2,6.333447292078749,8.519166666666667,60.64625,6098.744736842105,16.573684210526313,6.374434644240197,6.753336398389959,8.586666666666668,60.81166666666667,6223.163043478261,16.24434782608696,6.4870727782363025,6173.1721196385615,17.040137662998077,0.23149995102009066,-0.04098735216144789,-0.01999277630473517,0.32933638443935465,53.95569305576755,0.0027175566326634077,1.5722863097876558,1.5004091433981717
IND,2014,3,6.292459939917302,8.451666666666668,61.18300000000001,6507.980952380953,16.807142857142857,6.333447292078749,6.374434644240197,8.519166666666667,60.64625,6098.744736842105,16.573684210526313,6.333447292078749,6276.629577567106,16.541724964585374,0.04098735216150419,-0.040987352161447,0.06710171243381913,0.23345864661654403,53.18177392553441,0.0025825433387284182,1.5004091433981717,1.6543743418017016
IND,2014,4,6.251472587755854,8.384166666666667,61.01,6754.736111111111,28.49597222222222,6.292459939917302,6.333447292078749,8.451666666666668,61.18300000000001,6507.980952380953,16.807142857142857,6.292459939917301,6453.82060011139,20.62559976329713,0.040987352161504745,-0.04098735216144789,0.03791577764834786,11.688829365079364,52.413388087843046,0.004218665504244963,1.6543743418017016,1.7434126744804785
IND,2014,5,6.210485235594407,8.316666666666666,61.05875,7083.157142857142,26.26630952380952,6.251472587755854,6.292459939917302,8.384166666666667,61.01,6754.736111111111,28.49597222222222,6.251472587755855,6781.9580687830685,23.85647486772487,0.040987352161504745,-0.040987352161447,0.048620853034628375,-2.2296626984126995,51.65053554269349,0.0037082771134475277,1.7434126744804785,1.6733835118919778
IND,2014,6,6.16949788343296,8.249166666666667,61.1075,7542.842857142858,17.442023809523807,6.210485235594407,6.251472587755854,8.316666666666666,61.05875,7083.157142857142,26.26630952380952,6.210485235594407,7126.912037037037,24.06810185185185,0.04098735216150397,-0.040987352161447,0.06489842100274101,-8.824285714285715,50.89321629008573,0.0023123938997359206,1.6733835118919778,1.3796389357629273
IND,2014,7,6.128510531271512,8.181666666666667,61.08255555555556,7676.761363636364,15.907954545454546,6.16949788343296,6.210485235594407,8.249166666666667,61.1075,7542.842857142858,17.442023809523807,6.16949788343296,7434.253787878788,19.872095959595956,0.0409873521615053,-0.040987352161448776,0.01775438107751226,-1.5340692640692613,50.14143033001975,0.0020722220988668577,1.3796389357629273,1.0993145590392615
IND,2014,8,6.087523179110064,8.114166666666668,60.8325,7787.352631578948,13.880131578947369,6.128510531271512,6.16949788343296,8.181666666666667,61.08255555555556,7676.761363636364,15.907954545454546,6.128510531271512,7668.985617452723,15.74336997797524,0.04098735216150641,-0.04098735216144789,0.01440597964480661,-2.027822966507177,49.395177662495584,0.001782394124886709,1.0993145590392615,0.9627134080602558
IND,2014,9,6.046535826948617,8.046666666666667,60.56,8053.525,12.850340909090908,6.087523179110064,6.128510531271512,8.114166666666668,60.8325,7787.352631578948,13.880131578947369,6.087523179110065,7839.2129984051035,14.212809011164275,0.04098735216150641,-0.040987352161447,0.03418008417156826,-1.0297906698564603,48.6544582875132,0.0015956169390535088,0.9627134080602558,0.882086240262698
IND,2014,10,6.005548474787169,7.979166666666667,61.001,7953.113888888888,13.933333333333334,6.046535826948617,6.087523179110064,8.046666666666667,60.56,8053.525,12.850340909090908,6.046535826948616,7931.330506822611,13.554601940457204,0.040987352161506965,-0.04098735216144789,-0.012467970374601345,1.0829924242424251,47.919272205072616,0.0017519343401833176,0.882086240262698,0.8182848675500359
IND,2014,11,5.964561122625721,7.911666666666667,60.9125,8417.058333333332,13.808055555555557,6.005548474787169,6.046535826948617,7.979166666666667,61.001,7953.113888888888,13.933333333333334,6.005548474787169,8141.232407407407,13.530576599326599,0.04098735216150752,-0.04098735216144789,0.05833494288226038,-0.12527777777777693,47.18961941517383,0.0016404847167178032,0.8182848675500359,0.7910524375546415
IND,2014,12,5.923573770464274,7.844166666666666,60.935,8309.868181818181,13.908068181818182,5.964561122625721,6.005548474787169,7.911666666666667,60.9125,8417.058333333332,13.808055555555557,5.964561122625721,8226.680134680135,13.883152356902357,0.040987352161506965,-0.040987352161447,-0.012734870933548748,0.1000126262626253,46.46549991781684,0.001673680963104655,0.7910524375546415,0.7876552126415612
IND,2015,1,5.882586418302826,7.776666666666666,64.46857142857142,8517.769047619047,17.18,5.923573770464274,5.964561122625721,7.844166666666666,60.935,8309.868181818181,13.908068181818182,5.923573770464273,8414.89852092352,14.96537457912458,0.04098735216150641,-0.04098735216144789,0.02501855158854971,3.2719318181818178,45.74691371300164,0.002016960063598142,0.7876552126415612,0.8558850771547886
IND,2015,2,5.806262481745167,7.729027777777778,63.965,8750.435000000001,20.500625,5.882586418302826,5.923573770464274,7.776666666666666,64.46857142857142,8517.769047619047,17.18,5.8708075568374225,8526.024076479078,17.196231060606063,0.05953604620988074,-0.07632393655765934,0.027315362870280024,3.3206249999999997,44.87676400647733,0.002342812100198447,0.8558850771547886,0.8251592276205827
IND,2015,3,5.729938545187508,7.681388888888889,63.9825,8664.061904761904,14.854404761904762,5.806262481745167,5.882586418302826,7.729027777777778,63.965,8750.435000000001,20.500625,5.806262481745168,8644.088650793652,17.51167658730159,0.07632393655768879,-0.07632393655765846,-0.009870720168551284,-5.646220238095237,44.01388627501949,0.0017144850677648725,0.8251592276205827,0.7743452838163486
IND,2015,4,5.65361460862985,7.63375,64.26875,8524.007894736842,15.96592105263158,5.729938545187508,5.806262481745167,7.681388888888889,63.9825,8664.061904761904,14.854404761904762,5.729938545187508,8646.168266499582,17.10698360484545,0.07632393655768668,-0.07632393655765846,-0.01616493644258077,1.1115162907268186,43.15828051862812,0.0018730532925115844,0.7743452838163486,0.7279191247756908
IND,2015,5,5.57729067207219,7.586111111111111,63.6375,8300.805,18.33975,5.65361460862985,5.729938545187508,7.63375,64.26875,8524.007894736842,15.96592105263158,5.653614608629849,8496.291599832914,16.38669193817878,0.07632393655768611,-0.07632393655765934,-0.02618520506939681,2.373828947368418,42.3099467373032,0.0022093941491216815,0.7279191247756908,0.7549839354205999
IND,2015,6,5.500966735514531,7.5384722222222225,63.518888888888895,8195.60681818182,16.890113636363637,5.57729067207219,5.65361460862985,7.586111111111111,63.6375,8300.805,18.33975,5.57729067207219,8340.13990430622,17.065261562998405,0.07632393655768611,-0.07632393655765934,-0.012673250584513296,-1.4496363636363618,41.468884931044755,0.002060874076937561,0.7549839354205999,0.7250651696210516
IND,2015,7,5.424642798956873,7.490833333333334,64.06142857142858,8479.515217391305,15.82554347826087,5.500966735514531,5.57729067207219,7.5384722222222225,63.518888888888895,8195.60681818182,16.890113636363637,5.500966735514531,8325.30901185771,17.01846903820817,0.07632393655768611,-0.07632393655765846,0.03464153485006616,-1.0645701581027662,40.63509509985278,0.0018663264434979749,0.7250651696210516,0.6994867665231669
IND,2015,8,5.348318862399214,7.443194444444445,64.2775,8309.923809523809,18.591309523809525,5.424642798956873,5.500966735514531,7.490833333333334,64.06142857142858,8479.515217391305,15.82554347826087,5.424642798956872,8328.348615032311,17.102322212811345,0.07632393655768668,-0.07632393655765846,-0.020000130139476324,2.765766045548654,39.808577243727264,0.0022372418748896903,0.6994867665231669,0.794928302520622
IND,2015,9,5.271994925841555,7.395555555555556,64.1,7814.889999999999,23.1075,5.348318862399214,5.424642798956873,7.443194444444445,64.2775,8309.923809523809,18.591309523809525,5.348318862399213,8201.443008971704,19.174784334023467,0.076323936557688,-0.07632393655765934,-0.05957140172049025,4.516190476190477,38.98933136266821,0.0029568554387841674,0.794928302520622,0.8142330508526402
IND,2015,10,5.195670989283896,7.347916666666667,64.16777777777777,8172.3225,17.8375,5.271994925841555,5.348318862399214,7.395555555555556,64.1,7814.889999999999,23.1075,5.271994925841555,8099.045436507936,19.84543650793651,0.07632393655768856,-0.07632393655765846,0.045737368024374,-5.270000000000003,38.17735745667564,0.0021826720617058367,0.8142330508526402,0.7852956919795885
IND,2015,11,5.119347052726237,7.300277777777778,64.41142857142857,7887.636842105264,17.512894736842107,5.195670989283896,5.271994925841555,7.347916666666667,64.16777777777777,8172.3225,17.8375,5.195670989283896,7958.283114035087,19.485964912280703,0.07632393655768935,-0.07632393655765934,-0.034835343061257795,-0.32460526315789195,37.37265552574951,0.002220296786910361,0.7852956919795885,0.6229678968836744
IND,2015,12,5.043023116168579,7.25263888888889,63.69714285714286,7802.638636363636,15.401704545454544,5.119347052726237,5.195670989283896,7.300277777777778,64.41142857142857,7887.636842105264,17.512894736842107,5.119347052726237,7954.1993261563,16.917366427432217,0.0763239365576899,-0.07632393655765846,-0.01077613072750716,-2.1111901913875624,36.57522556988987,0.001973909758383018,0.6229678968836744,0.6309764032041563
IND,2016,1,4.966699179610919,7.205000000000001,67.24,7535.885,18.329875,5.043023116168579,5.119347052726237,7.25263888888889,63.69714285714286,7802.638636363636,15.401704545454544,5.043023116168578,7742.053492822967,17.081491427432216,0.07632393655769068,-0.07632393655765934,-0.034187618931940444,2.928170454545457,35.78506758909668,0.002432345371512437,0.6309764032041563,0.6973572579412389
IND,2016,2,4.760313962009771,7.181458333333334,67.10625,7199.866666666667,21.34047619047619,4.966699179610919,5.043023116168579,7.205000000000001,67.24,7535.885,18.329875,4.923345419263089,7512.796767676767,18.35735191197691,0.1462558643731075,-0.2063852176011478,-0.04458910046176834,3.010601190476187,34.185996371758094,0.002964009915527536,0.6973572579412389,0.7098639353502535
IND,2016,3,4.553928744408623,7.157916666666667,66.93857142857142,7550.094999999999,17.36025,4.760313962009771,4.966699179610919,7.181458333333334,67.10625,7199.866666666667,21.34047619047619,4.760313962009771,7428.615555555556,19.010200396825397,0.20638521760116077,-0.2063852176011487,0.04864372488379409,-3.9802261904761878,32.59664245841489,0.0022993419288101676,0.7098639353502535,0.6359274309110746
IND,2016,4,4.347543526807475,7.134375,66.71375,7786.516666666666,16.716527777777777,4.553928744408623,4.760313962009771,7.157916666666667,66.93857142857142,7550.094999999999,17.36025,4.553928744408623,7512.1594444444445,18.472417989417988,0.20638521760116077,-0.2063852176011478,0.031313734021448436,-0.6437222222222232,31.01700584906708,0.002146855711404258,0.6359274309110746,0.48715913214758944
IND,2016,5,4.141158309206327,7.110833333333334,67.00375,7871.856818181818,16.512954545454544,4.347543526807475,4.553928744408623,7.134375,66.71375,7786.516666666666,16.716527777777777,4.347543526807475,7736.156161616161,16.86324410774411,0.20638521760116,-0.2063852176011478,0.010959990862215108,-0.2035732323232331,29.447086543714658,0.0020977203888305203,0.48715913214758944,0.4116979955114255
IND,2016,6,3.934773091605179,7.087291666666667,66.835,8191.197727272727,16.68693181818182,4.141158309206327,4.347543526807475,7.110833333333334,67.00375,7871.856818181818,16.512954545454544,4.141158309206327,7949.857070707071,16.638804713804713,0.2063852176011605,-0.20638521760114825,0.040567418395278665,0.17397727272727437,27.886884542357624,0.0020371784901031514,0.4116979955114255,0.32248691685481856
IND,2016,7,3.728387874004031,7.063750000000001,66.86555555555555,8505.6125,15.454125,3.934773091605179,4.141158309206327,7.087291666666667,66.835,8191.197727272727,16.68693181818182,3.934773091605179,8189.555681818182,16.21800378787879,0.20638521760116038,-0.2063852176011478,0.03838446869380574,-1.2328068181818193,26.336399844995977,0.0018169326430048395,0.32248691685481856,0.21455777814094512
IND,2016,8,3.522002656402883,7.040208333333333,66.938,8640.422727272728,14.29931818181818,3.728387874004031,3.934773091605179,7.063750000000001,66.86555555555555,8505.6125,15.454125,3.728387874004031,8445.744318181818,15.480125000000001,0.20638521760116038,-0.20638521760114825,0.015849561365830933,-1.1548068181818198,24.79563245162971,0.001654932707943056,0.21455777814094512,0.11269534788866964
IND,2016,9,3.315617438801735,7.016666666666667,66.985,8783.325,14.35925,3.522002656402883,3.728387874004031,7.040208333333333,66.938,8640.422727272728,14.29931818181818,3.522002656402883,8643.120075757575,14.70423106060606,0.20638521760116066,-0.2063852176011478,0.01653880570868549,0.05993181818181981,23.26458236225884,0.0016348307730842248,0.11269534788866964,0.058118396681105335
IND,2016,10,3.1092322212005867,6.993125,67.00833333333334,8666.747368421053,14.723684210526317,3.315617438801735,3.522002656402883,7.016666666666667,66.985,8783.325,14.35925,3.3156174388017345,8696.831698564592,14.460750797448165,0.20638521760116105,-0.20638521760114825,-0.013272608218294124,0.3644342105263174,21.743249576883354,0.0016988708202312288,0.058118396681105335,0.09685832616698582
IND,2016,11,2.9028470035994385,6.969583333333333,66.96000000000001,8250.75,17.510238095238094,3.1092322212005867,3.315617438801735,6.993125,67.00833333333334,8666.747368421053,14.723684210526317,3.1092322212005867,8566.940789473685,15.531057435254803,0.20638521760116144,-0.20638521760114825,-0.047999249399701904,2.7865538847117772,20.23163409550325,0.0021222601697104015,0.09685832616698582,0.11864772064927509
IND,2016,12,2.6964617859982907,6.946041666666666,66.99,8114.027272727273,15.854545454545455,2.9028470035994385,3.1092322212005867,6.969583333333333,66.96000000000001,8250.75,17.510238095238094,2.9028470035994385,8343.841547049442,16.029489253436623,0.20638521760116144,-0.2063852176011478,-0.016570945341057075,-1.6556926406926387,18.729735918118543,0.001953967483919542,0.11864772064927509,0.1093931807235314
IND,2017,1,2.4900765683971424,6.922499999999999,65.00125,8386.20476190476,15.448928571428572,2.6964617859982907,2.9028470035994385,6.946041666666666,66.99,8114.027272727273,15.854545454545455,2.6964617859982902,8250.327344877345,16.271237373737375,0.20638521760116182,-0.20638521760114825,0.033544068811837136,-0.40561688311688293,17.237555044729216,0.0018421835633690934,0.1093931807235314,0.009638546853190988
IND,2017,2,2.6870758617659942,6.987638888888888,65.14428571428572,8813.339473684211,13.571447368421053,2.4900765683971424,2.6964617859982907,6.922499999999999,65.00125,8386.20476190476,15.448928571428572,2.624538072053809,8437.857169438748,14.958307131465027,0.11654160573648432,0.1969992933688518,0.05093301724753441,-1.8774812030075196,18.776315789070683,0.0015398757087417428,0.009638546853190988,-0.06425471346457344
IND,2017,3,2.8840751551348465,7.052777777777777,65.56222222222223,9047.056818181818,12.730227272727271,2.6870758617659942,2.4900765683971424,6.987638888888888,65.14428571428572,8813.339473684211,13.571447368421053,2.6870758617659942,8748.867017923596,13.916867737525633,0.19699929336886637,0.19699929336885225,0.02651859096038045,-0.8412200956937816,20.34074116357604,0.0014071125592074768,-0.06425471346457344,-0.11788881391759916
IND,2017,4,3.0810744485036983,7.117916666666666,65.04,9214.57222222222,11.564444444444444,2.8840751551348465,2.6870758617659942,7.052777777777777,65.56222222222223,9047.056818181818,12.730227272727271,2.8840751551348465,9024.989504696083,12.622039695197588,0.1969992933688657,0.1969992933688518,0.018516011052759795,-1.1657828282828273,21.93083116824528,0.001255016962866185,-0.11788881391759916,-0.13450963679054398
IND,2017,5,3.27807374187255,7.183055555555555,64.9625,9436.986363636364,11.286477272727272,3.0810744485036983,2.8840751551348465,7.117916666666666,65.04,9214.57222222222,11.564444444444444,3.0810744485036987,9232.8718013468,11.860382996632994,0.19699929336886465,0.1969992933688518,0.024137218315763098,-0.27796717171717233,23.546585803078408,0.001195983213053859,-0.13450963679054398,-0.13463089469623882
IND,2017,6,3.475073035241402,7.248194444444444,65.428,9606.95476190476,11.230714285714283,3.27807374187255,3.0810744485036983,7.183055555555555,64.9625,9436.986363636364,11.286477272727272,3.27807374187255,9419.504449254448,11.360545334295333,0.1969992933688641,0.1969992933688518,0.018010876748040916,-0.05576298701298832,25.18800506807542,0.0011690191703877225,-0.13463089469623882,-0.11871490789540663
IND,2017,7,3.6720723286102537,7.313333333333333,64.96444444444445,9850.119047619048,11.190714285714286,3.475073035241402,3.27807374187255,7.248194444444444,65.428,9606.95476190476,11.230714285714283,3.4750730352414014,9631.353391053392,11.235968614718614,0.19699929336886354,0.1969992933688518,0.025311276230687074,-0.03999999999999737,26.85508896323632,0.0011360993944960782,-0.11871490789540663,-0.055382635792265954
IND,2017,8,3.869071621979106,7.378472222222222,64.9,9901.183333333332,13.201190476190478,3.6720723286102537,3.475073035241402,7.313333333333333,64.96444444444445,9850.119047619048,11.190714285714286,3.6720723286102537,9786.085714285713,11.874206349206348,0.19699929336886327,0.19699929336885225,0.005184128787420805,2.010476190476192,28.54783748856111,0.0013332942166364437,-0.055382635792265954,-0.0005320996541673025
IND,2017,9,4.066070915347957,7.443611111111111,65.59285714285714,9977.916666666666,12.409880952380954,3.869071621979106,3.6720723286102537,7.378472222222222,64.9,9901.183333333332,13.201190476190478,3.869071621979106,9909.739682539683,12.267261904761904,0.1969992933688627,0.19699929336885136,0.007749915414150932,-0.7913095238095238,30.26625064404978,0.0012437346759808865,-0.0005320996541673025,0.04630869287102105
IND,2017,10,4.26307020871681,7.50875,65.55875,10138.6775,11.690125,4.066070915347957,3.869071621979106,7.443611111111111,65.59285714285714,9977.916666666666,12.409880952380954,4.066070915347958,10005.925833333333,12.433732142857144,0.19699929336886252,0.1969992933688527,0.016111663256357822,-0.7197559523809538,32.01032842970235,0.0011530226698699116,0.04630869287102105,0.08090113030391721
IND,2017,11,4.460069502085662,7.573888888888889,64.935,10324.754545454543,13.348409090909092,4.26307020871681,4.066070915347957,7.50875,65.55875,10138.6775,11.690125,4.263070208716809,10147.116237373737,12.482805014430015,0.19699929336886204,0.1969992933688518,0.018353187134569016,1.658284090909092,33.78007084551879,0.0012928548598557927,0.08090113030391721,0.13980656053013318
IND,2017,12,4.657068795454514,7.639027777777778,64.92375,10322.2625,13.75325,4.460069502085662,4.26307020871681,7.573888888888889,64.935,10324.754545454543,13.348409090909092,4.460069502085662,10261.89818181818,12.930594696969697,0.19699929336886127,0.1969992933688518,-0.000241366072536775,0.40484090909090753,35.575477891499126,0.001332387158338591,0.13980656053013318,0.2150069253069885
IND,2018,1,4.854068088823365,7.704166666666667,68.20285714285714,10771.154545454545,14.733636363636364,4.657068795454514,4.460069502085662,7.639027777777778,64.92375,10322.2625,13.75325,4.657068795454514,10472.723863636364,13.945098484848485,0.19699929336886104,0.1969992933688518,0.043487757209676126,0.9803863636363648,37.39654956764334,0.0013678790236886906,0.2150069253069885,0.29151212807665716
IND,2018,2,5.0879985734515465,7.645208333333334,67.48777777777778,10533.105263157897,16.292894736842104,4.854068088823365,4.657068795454514,7.704166666666667,68.20285714285714,10771.154545454545,14.733636363636364,4.8663784859098085,10542.174102870813,14.926593700159492,0.21572848165800032,0.2339304846281811,-0.02210062823739778,1.55925837320574,38.89880909373988,0.0015468272963938255,0.29151212807665716,0.33792649148911175
IND,2018,3,5.3219290580797285,7.58625,68.00571428571429,10232.618421052632,15.11684210526316,5.0879985734515465,4.854068088823365,7.645208333333334,67.48777777777778,10533.105263157897,16.292894736842104,5.0879985734515465,10512.292743221691,15.381124401913874,0.23393048462818986,0.233930484628182,-0.02852784953704879,-1.1760526315789441,40.373484316857336,0.0014773190480905363,0.33792649148911175,0.3397159039515037
IND,2018,4,5.555859542707911,7.527291666666667,68.29714285714286,10472.933333333334,13.912023809523811,5.3219290580797285,5.0879985734515465,7.58625,68.00571428571429,10232.618421052632,15.11684210526316,5.3219290580797285,10412.88567251462,15.107253550543026,0.23393048462819097,0.2339304846281829,0.023485182618192546,-1.204818295739349,41.82057523699574,0.001328378914171497,0.3397159039515037,0.2891367763741651
IND,2018,5,5.789790027336092,7.468333333333333,68.00222222222222,10664.447727272727,13.576590909090909,5.555859542707911,5.3219290580797285,7.527291666666667,68.29714285714286,10472.933333333334,13.912023809523811,5.5558595427079105,10456.666493886232,14.201818941292629,0.2339304846281904,0.23393048462818022,0.018286604893190672,-0.3354329004329024,43.240081854155044,0.0012730702288849718,0.2891367763741651,0.2285453742128756
IND,2018,6,6.023720511964273,7.409375,68.25555555555555,10742.97380952381,12.820000000000002,5.789790027336092,5.555859542707911,7.468333333333333,68.00222222222222,10664.447727272727,13.576590909090909,5.789790027336092,10626.784956709957,13.436204906204908,0.23393048462818963,0.2339304846281811,0.007363351976517718,-0.7565909090909066,44.632004168335285,0.001193338104262609,0.2285453742128756,0.18690408427405839
IND,2018,7,6.257650996592455,7.350416666666666,68.38875,10991.156818181818,12.730795454545454,6.023720511964273,5.789790027336092,7.409375,68.25555555555555,10742.97380952381,12.820000000000002,6.023720511964274,10799.52611832612,13.042462121212123,0.23393048462819097,0.233930484628182,0.023101890878481912,-0.08920454545454781,45.99634217953645,0.0011582762092417684,0.18690408427405839,0.13644611005082885
IND,2018,8,6.491581481220637,7.291458333333333,66.94285714285715,11498.440476190475,12.717380952380951,6.257650996592455,6.023720511964273,7.350416666666666,68.38875,10991.156818181818,12.730795454545454,6.257650996592456,11077.5237012987,12.756058802308806,0.23393048462819152,0.233930484628182,0.04615380040520356,-0.013414502164502906,47.33309588775855,0.0011060092000053838,0.13644611005082885,0.1519489703627803
IND,2018,9,6.725511965848818,7.2325,67.72888888888889,11297.058333333332,15.03486111111111,6.491581481220637,6.257650996592455,7.291458333333333,66.94285714285715,11498.440476190475,12.717380952380951,6.491581481220636,11262.21854256854,13.49434583934584,0.23393048462819097,0.2339304846281811,-0.017513865751980884,2.3174801587301594,48.64226529300157,0.0013308651391795456,0.1519489703627803,0.29319270707474493
IND,2018,10,6.959442450476999,7.173541666666666,69.06825,10383.809523809525,19.152619047619048,6.725511965848818,6.491581481220637,7.2325,67.72888888888889,11297.058333333332,15.03486111111111,6.725511965848818,11059.769444444444,15.634953703703703,0.2339304846281902,0.2339304846281811,-0.08083952322607357,4.117757936507937,49.92385039526552,0.001844469412088416,0.29319270707474493,0.441339956358828
IND,2018,11,7.193372935105181,7.114583333333333,68.91875,10621.7925,18.829,6.959442450476999,6.725511965848818,7.173541666666666,69.06825,10383.809523809525,19.152619047619048,6.959442450476999,10767.553452380953,17.672160052910055,0.23393048462819097,0.233930484628182,0.022918657708887347,-0.32361904761904725,51.1778511945504,0.0017726763161679162,0.441339956358828,0.4932966049447692
IND,2018,12,7.427303419733363,7.055624999999999,67.9688888888889,10778.4425,16.5315,7.193372935105181,6.959442450476999,7.114583333333333,68.91875,10621.7925,18.829,7.193372935105181,10594.681507936508,18.171039682539682,0.23393048462819152,0.233930484628182,0.014747981567141188,-2.2974999999999994,52.4042676908562,0.0015337559206722124,0.4932966049447692,0.434510568924033
IND,2019,1,7.661233904361544,6.996666666666666,70.09375,10809.46304347826,16.737065217391304,7.427303419733363,7.193372935105181,7.055624999999999,67.9688888888889,10778.4425,16.5315,7.427303419733363,10736.566014492753,17.36585507246377,0.23393048462819097,0.2339304846281811,0.00287801725325898,0.20556521739130318,53.60309988418293,0.0015483715657355786,0.434510568924033,0.36801152105277674
IND,2019,2,7.487421245808934,6.9295833333333325,69.95285714285714,10833.84,16.404,7.661233904361544,7.427303419733363,6.996666666666666,70.09375,10809.46304347826,16.737065217391304,7.525319523301281,10807.248514492752,16.557521739130436,0.1214828279521982,-0.17381265855260963,0.0022551496243330416,-0.33306521739130446,51.88470947460349,0.001514144569238608,0.36801152105277674,0.3019301959615514
IND,2019,3,7.313608587256325,6.8625,70.08125,11317.242105263158,15.989605263157896,7.487421245808934,7.661233904361544,6.9295833333333325,69.95285714285714,10833.84,16.404,7.487421245808934,10986.848382913806,16.376890160183066,0.17381265855262237,-0.17381265855260963,0.044619645967003185,-0.4143947368421035,50.18963893004653,0.0014128535127583624,0.3019301959615514,0.2885276469853402
IND,2019,4,7.139795928703714,6.795416666666666,70.63777777777779,11666.452631578948,21.07526315789474,7.313608587256325,7.487421245808934,6.8625,70.08125,11317.242105263158,15.989605263157896,7.313608587256325,11272.51157894737,17.82295614035088,0.1738126585526237,-0.17381265855261052,0.03085650400227702,5.085657894736842,48.51788825051203,0.0018064842693354675,0.2885276469853402,0.3224479456464791
IND,2019,5,6.965983270151105,6.728333333333333,70.42,11592.022727272728,23.21625,7.139795928703714,7.313608587256325,6.795416666666666,70.63777777777779,11666.452631578948,21.07526315789474,7.139795928703715,11525.239154704943,20.09370614035088,0.17381265855262426,-0.17381265855260963,-0.0063798231267619965,2.14098684210526,46.86945743600001,0.0020027781644508663,0.3224479456464791,0.22781898919542573
IND,2019,6,6.792170611598495,6.66125,70.6225,11839.023684210528,14.752105263157896,6.965983270151105,7.139795928703714,6.728333333333333,70.42,11592.022727272728,23.21625,6.965983270151104,11699.166347687402,19.681206140350877,0.17381265855262482,-0.17381265855260963,0.02130783925713642,-8.464144736842103,45.24434648651047,0.0012460575852071727,0.22781898919542573,0.044899095522123046
IND,2019,7,6.618357953045885,6.594166666666666,70.4125,11523.110869565216,12.98521739130435,6.792170611598495,6.965983270151105,6.66125,70.6225,11839.023684210528,14.752105263157896,6.792170611598496,11651.38576034949,16.984524218154082,0.17381265855262637,-0.17381265855260963,-0.026684025902122155,-1.7668878718535463,43.642555402043406,0.0011268847048587236,0.044899095522123046,-0.09296791941011058
IND,2019,8,6.444545294493276,6.527083333333333,70.26222222222222,10976.5,16.486,6.618357953045885,6.792170611598495,6.594166666666666,70.4125,11523.110869565216,12.98521739130435,6.6183579530458845,11446.211517925249,14.741107551487417,0.17381265855262792,-0.17381265855260963,-0.047436050538133934,3.5007826086956513,42.06408418259881,0.0015019359540837244,-0.09296791941011058,-0.08788448245573614
IND,2019,9,6.270732635940666,6.46,70.39125,11124.28947368421,16.02,6.444545294493276,6.618357953045885,6.527083333333333,70.26222222222222,10976.5,16.486,6.444545294493277,11207.96678108314,15.163739130434784,0.17381265855262948,-0.17381265855260963,0.013464171064019537,-0.4660000000000011,40.508932828176704,0.0014400919751231896,-0.08788448245573614,-0.07179996902477899
IND,2019,10,6.0969199773880565,6.392916666666666,70.14625000000001,11490.205,16.684,6.270732635940666,6.444545294493276,6.46,70.39125,11124.28947368421,16.02,6.270732635940665,11196.998157894735,16.396666666666665,0.17381265855263103,-0.17381265855260963,0.032893384083667154,0.6640000000000015,38.97710133877706,0.0014520193503945319,-0.07179996902477899,-0.18648800926249207
IND,2019,11,5.923107318835447,6.325833333333333,70.15555555555555,11964.1325,15.316125,6.0969199773880565,6.270732635940666,6.392916666666666,70.14625000000001,11490.205,16.684,6.096919977388057,11526.20899122807,16.006708333333336,0.1738126585526326,-0.17381265855260963,0.041246217974352906,-1.3678750000000015,37.4685897143999,0.0012801701251636923,-0.18648800926249207,-0.3353409378088652
IND,2019,12,5.749294660282836,6.25875,70.20666666666666,12096.880952380952,12.836547619047618,5.923107318835447,6.0969199773880565,6.325833333333333,70.15555555555555,11964.1325,15.316125,5.923107318835446,11850.406150793651,14.945557539682541,0.17381265855263472,-0.17381265855261052,0.011095535123917477,-2.4795773809523816,35.9833979550452,0.0010611452381467871,-0.3353409378088652,-0.4464836217566252
IND,2020,1,5.575482001730227,6.191666666666666,74.7,12183.065217391304,14.942826086956522,5.749294660282836,5.923107318835447,6.25875,70.20666666666666,12096.880952380952,12.836547619047618,5.749294660282836,12081.35955659075,14.365166235334714,0.17381265855263683,-0.17381265855260963,0.007124503030955909,2.106278467908904,34.521526060712986,0.0012265243450905658,-0.4464836217566252,-0.4788001947289164
IND,2020,2,5.518417726577908,6.197152777777777,73.91333333333334,11934.4725,15.359875,5.575482001730227,5.749294660282836,6.191666666666666,74.7,12183.065217391304,14.942826086956522,5.614398129530325,12071.472889924085,14.379749568668048,0.12025759178310748,-0.05706427515231827,-0.020404776052289297,0.41704891304347846,34.198477743200414,0.0012870175032872213,-0.4788001947289164,0.31971906935469313
IND,2020,3,5.461353451425589,6.202638888888889,73.85222222222222,9426.311904761904,53.06357142857143,5.518417726577908,5.575482001730227,6.197152777777777,73.91333333333334,11934.4725,15.359875,5.518417726577908,11181.283207384404,27.788757505175983,0.05706427515241114,-0.057064275152319155,-0.21016099331060467,37.703696428571426,33.87480330377991,0.00562930358815787,0.31971906935469313,0.9777513930174323
IND,2020,4,5.40428917627327,6.208125,74.02,9063.583333333334,45.00375,5.461353451425589,5.518417726577908,6.202638888888889,73.85222222222222,9426.311904761904,53.06357142857143,5.46135345142559,10141.455912698411,37.809065476190476,0.05706427515241436,-0.057064275152319155,-0.03848043382113531,-8.059821428571432,33.55050274245149,0.004965337476899313,0.9777513930174323,1.4725481297609921
IND,2020,5,5.347224901120951,6.213611111111111,73.97714285714287,9192.013157894737,36.98210526315789,5.40428917627327,5.461353451425589,6.208125,74.02,9063.583333333334,45.00375,5.40428917627327,9227.302798663324,45.01647556390978,0.05706427515241703,-0.057064275152319155,0.01416987297828154,-8.021644736842106,33.22557605921515,0.004023286806481026,1.4725481297609921,1.0416216159382672
IND,2020,6,5.290160625968633,6.219097222222223,73.99222222222222,10116.454545454546,30.237613636363637,5.347224901120951,5.40428917627327,6.213611111111111,73.97714285714287,9192.013157894737,36.98210526315789,5.347224901120952,9457.350345560872,37.407822966507176,0.05706427515241914,-0.05706427515231827,0.10057006791443013,-6.744491626794254,32.9000232540709,0.002988953639884616,1.0416216159382672,0.6105991814801824
IND,2020,7,5.2330963508163135,6.224583333333333,73.96125,10897.695652173914,25.18434782608696,5.290160625968633,5.347224901120951,6.219097222222223,73.99222222222222,10116.454545454546,30.237613636363637,5.290160625968633,10068.721118507732,30.80135557520283,0.05706427515242124,-0.057064275152319155,0.07722479285693917,-5.053265810276677,32.57384432701871,0.0023109791858669762,0.6105991814801824,0.2363114058577761
IND,2020,8,5.176032075663994,6.230069444444444,74.2775,11318.566666666666,21.210714285714285,5.2330963508163135,5.290160625968633,6.224583333333333,73.96125,10897.695652173914,25.18434782608696,5.2330963508163135,10777.572288098374,25.544225249388294,0.05706427515242335,-0.057064275152319155,0.03862018429637404,-3.973633540372674,32.24703927805861,0.0018739752930183404,0.2363114058577761,0.017776688916295174
IND,2020,9,5.118967800511676,6.235555555555556,74.03666666666666,11336.702272727272,21.078977272727272,5.176032075663994,5.2330963508163135,6.230069444444444,74.2775,11318.566666666666,21.210714285714285,5.176032075663994,11184.321530522619,22.491346461509508,0.05706427515242469,-0.05706427515231827,0.0016022882220605439,-0.13173701298701346,31.919608107190587,0.0018593570480753482,0.017776688916295174,-0.08962487206668712
IND,2020,10,5.061903525359357,6.241041666666667,73.94,11789.709523809524,21.5825,5.118967800511676,5.176032075663994,6.235555555555556,74.03666666666666,11336.702272727272,21.078977272727272,5.118967800511676,11481.659487734489,21.290730519480523,0.0570642751524268,-0.057064275152319155,0.039959349746006234,0.5035227272727276,31.59155081441464,0.0018306218619223624,-0.08962487206668712,-0.15599569350733722
IND,2020,11,5.004839250207038,6.246527777777778,74.08000000000001,12602.3225,21.011000000000003,5.061903525359357,5.118967800511676,6.241041666666667,73.94,11789.709523809524,21.5825,5.061903525359358,11909.5780988456,21.224159090909094,0.0570642751524289,-0.057064275152319155,0.06892561471081105,-0.5714999999999968,31.262867399730766,0.0016672323692716166,-0.15599569350733722,-0.28392236026897455
IND,2020,12,4.94777497505472,6.252013888888889,74.32666666666667,13550.44090909091,19.771363636363635,5.004839250207038,5.061903525359357,6.246527777777778,74.08000000000001,12602.3225,21.011000000000003,5.004839250207039,12647.490977633477,20.78828787878788,0.0570642751524289,-0.05706427515231738,0.07523362531715172,-1.239636363636368,30.93355786313899,0.0014590937497169663,-0.28392236026897455,-0.4351894133773786
IND,2021,1,4.8907106999024,6.2575,73.78,14284.6025,19.66661451048951,4.94777497505472,5.004839250207038,6.252013888888889,74.32666666666667,13550.44090909091,19.771363636363635,4.9477749750547195,13479.121969696971,20.149659382284383,0.057064275152429456,-0.05706427515232004,0.05417990424330377,-0.10474912587412533,30.603622204639272,0.001376770162872191,-0.4351894133773786,-0.5560363896523236
IND,2021,2,4.974869064458228,6.335347222222223,73.77222222222223,14956.8425,19.561865384615384,4.8907106999024,4.94777497505472,6.2575,73.78,14284.6025,19.66661451048951,4.93778491313845,14263.96196969697,19.666614510489513,0.04295938295656426,0.0841583645558277,0.04706046248049245,-0.10474912587412533,31.517522908434707,0.0013078873689159583,-0.5560363896523236,-0.5925412677484108
IND,2021,3,5.059027429014055,6.413194444444445,73.6875,14835.1,19.45711625874126,4.974869064458228,4.8907106999024,6.335347222222223,73.77222222222223,14956.8425,19.561865384615384,4.974869064458228,14692.181666666665,19.561865384615384,0.08415836455590281,0.08415836455582681,-0.008139585611067313,-0.10474912587412533,32.444526602045,0.001311559494627017,-0.5925412677484108,-0.5695620442785762
IND,2021,4,5.143185793569883,6.491041666666667,73.56875,14613.852631578948,19.35236713286713,5.059027429014055,4.974869064458228,6.413194444444445,73.6875,14835.1,19.45711625874126,5.059027429014055,14801.931710526316,19.457116258741262,0.08415836455590416,0.0841583645558277,-0.014913776679702395,-0.10474912587412888,33.38463328547017,0.001324248137759975,-0.5695620442785762,-0.5327943667263827
IND,2021,5,5.22734415812571,6.568888888888889,73.6425,14983.525,19.247618006993005,5.143185793569883,5.059027429014055,6.491041666666667,73.56875,14613.852631578948,19.35236713286713,5.143185793569882,14810.825877192983,19.352367132867133,0.08415836455590625,0.0841583645558277,0.02529602410402232,-0.10474912587412533,34.33784295871022,0.0012845854368042904,-0.5327943667263827,-0.5357602223867859
IND,2021,6,5.311502522681537,6.646736111111111,74.17999999999999,15733.677272727276,19.14286888111888,5.22734415812571,5.143185793569883,6.568888888888889,73.6425,14983.525,19.247618006993005,5.227344158125709,15110.351634768742,19.247618006993008,0.0841583645559068,0.08415836455582681,0.05006513972695181,-0.10474912587412533,35.30415562176513,0.0012166811705424446,-0.5357602223867859,-0.5510608057800029
IND,2021,7,5.395660887237365,6.724583333333333,74.0475,15783.097619047618,19.038119755244757,5.311502522681537,5.22734415812571,6.646736111111111,74.17999999999999,15733.677272727276,19.14286888111888,5.311502522681537,15500.099963924964,19.142868881118883,0.08415836455590736,0.0841583645558277,0.003141055041595786,-0.10474912587412177,36.28357127463493,0.0012062346831251212,-0.5510608057800029,-0.5808389708015737
IND,2021,8,5.4798192517931925,6.802430555555556,73.999,16470.459523809524,18.93337062937063,5.395660887237365,5.311502522681537,6.724583333333333,74.0475,15783.097619047618,19.038119755244757,5.395660887237365,15995.744805194807,19.038119755244754,0.08415836455590792,0.0841583645558277,0.04355050709008945,-0.10474912587412888,37.2760899173196,0.001149535057112447,-0.5808389708015737,-0.6237418348430152
IND,2021,9,5.563977616349019,6.880277777777778,73.94,17508.614285714288,18.828621503496503,5.4798192517931925,5.395660887237365,6.802430555555556,73.999,16470.459523809524,18.93337062937063,5.4798192517931925,16587.390476190474,18.933370629370632,0.08415836455590736,0.08415836455582681,0.06303131739609436,-0.10474912587412533,38.28171154981913,0.0010753918726086303,-0.6237418348430152,-0.6877071690848289
IND,2021,10,5.648135980904847,6.958125,73.76625,18020.22,18.723872377622374,5.563977616349019,5.4798192517931925,6.880277777777778,73.94,17508.614285714288,18.828621503496503,5.563977616349018,17333.09793650794,18.828621503496503,0.0841583645559068,0.0841583645558277,0.02922022873638519,-0.10474912587412888,39.30043617213354,0.0010390479349099164,-0.6877071690848289,-0.7066164661420524
IND,2021,11,5.732294345460675,7.035972222222222,73.29333333333334,17718.892499999998,18.61912325174825,5.648135980904847,5.563977616349019,6.958125,73.76625,18020.22,18.723872377622374,5.648135980904847,17749.24226190476,18.723872377622374,0.08415836455590625,0.0841583645558277,-0.016721632699267963,-0.10474912587412533,40.33226378426282,0.0010508062652193556,-0.7066164661420524,-0.6533962446533995
IND,2021,12,5.8164527100165015,7.113819444444444,73.98444444444445,17174.269565217393,18.514374125874124,5.732294345460675,5.648135980904847,7.035972222222222,73.29333333333334,17718.892499999998,18.61912325174825,5.732294345460674,17637.794021739133,18.619123251748253,0.08415836455590492,0.08415836455582681,-0.03073684965257306,-0.10474912587412533,41.37719438620697,0.0010780297849389072,-0.6533962446533995,-0.6040380792357513
IND,2022,1,5.900611074572329,7.191666666666666,78.37555555555555,17770.6225,18.409625,5.8164527100165015,5.732294345460675,7.113819444444444,73.98444444444445,17174.269565217393,18.514374125874124,5.8164527100165015,17554.59485507246,18.514374125874124,0.08415836455590438,0.0841583645558277,0.03472362725634559,-0.10474912587412533,42.435227977966,0.0010359583633043805,-0.6040380792357513,-0.49361274706218167
IND,2022,2,5.872199126527923,7.193888888888889,78.325,17225.94,22.07525,5.900611074572329,5.8164527100165015,7.191666666666666,78.37555555555555,17770.6225,18.409625,5.863087637038919,17390.277355072463,19.666416375291377,0.04281263845784311,-0.028411948044405833,-0.030650727063725736,3.665625000000002,42.24394804967227,0.0012815120684270351,-0.49361274706218167,-0.3530084591982021
IND,2022,3,5.843787178483518,7.196111111111111,77.8125,16864.67380952381,25.079761904761902,5.872199126527923,5.900611074572329,7.193888888888889,78.325,17225.94,22.07525,5.872199126527923,17287.07876984127,21.85487896825397,0.028411948044632616,-0.028411948044405833,-0.020972219250513402,3.0045119047619018,42.05254184605389,0.0014871181137579353,-0.3530084591982021,-0.3314026371055037
IND,2022,4,5.815375230439113,7.198333333333333,77.49,17419.360526315788,18.872631578947367,5.843787178483518,5.872199126527923,7.196111111111111,77.8125,16864.67380952381,25.079761904761902,5.843787178483518,17169.991445279866,22.00921449456976,0.028411948044633952,-0.028411948044404944,0.03289045036131877,-6.207130325814536,41.86100936711088,0.0010834284961515144,-0.3314026371055037,-0.28106813676552195
IND,2022,5,5.786963282394707,7.200555555555556,78.2942857142857,16271.01904761905,22.60869047619048,5.815375230439113,5.843787178483518,7.198333333333333,77.49,17419.360526315788,18.872631578947367,5.815375230439112,16851.684461152883,22.187027986633254,0.02841194804463606,-0.028411948044405833,-0.06592328558570881,3.7360588972431117,41.66935061284322,0.0013895067303420572,-0.28106813676552195,-0.3094218159342757
IND,2022,6,5.758551334350301,7.2027777777777775,78.55125,15933.163636363635,21.12840909090909,5.786963282394707,5.815375230439113,7.200555555555556,78.2942857142857,16271.01904761905,22.60869047619048,5.786963282394706,16541.18107009949,20.869910382015647,0.02841194804463817,-0.028411948044405833,-0.02076424409968669,-1.480281385281387,41.477565583250914,0.0013260649029354441,-0.3094218159342757,-0.27054208289090353
IND,2022,7,5.730139386305895,7.205,78.494,16299.021428571428,18.30869047619048,5.758551334350301,5.786963282394707,7.2027777777777775,78.55125,15933.163636363635,21.12840909090909,5.758551334350301,16167.734704184704,20.68193001443002,0.02841194804463928,-0.028411948044405833,0.022962030677498912,-2.81971861471861,41.28565427833397,0.0011232999819299702,-0.27054208289090353,-0.40254297650539095
IND,2022,8,5.701727438261489,7.207222222222223,78.60666666666667,17579.065,18.565625,5.730139386305895,5.758551334350301,7.205,78.494,16299.021428571428,18.30869047619048,5.730139386305896,16603.75002164502,19.33424152236653,0.02841194804464039,-0.028411948044405833,0.07853499530865782,0.25693452380951953,41.09361669809239,0.0010561213011044672,-0.40254297650539095,-0.5056502617910399
IND,2022,9,5.673315490217084,7.209444444444444,78.6775,17544.877272727274,19.554318181818186,5.701727438261489,5.730139386305895,7.207222222222223,78.60666666666667,17579.065,18.565625,5.701727438261489,17140.9879004329,18.80954455266956,0.028411948044640947,-0.028411948044404944,-0.0019447978190378912,0.988693181818185,40.90145284252617,0.001114531488471253,-0.5056502617910399,-0.5580715886029936
IND,2022,10,5.644903542172678,7.211666666666667,77.24,17406.873684210525,18.33644736842105,5.673315490217084,5.701727438261489,7.209444444444444,78.6775,17544.877272727274,19.554318181818186,5.673315490217084,17510.27198564593,18.81879685007975,0.028411948044642057,-0.02841194804440672,-0.007865748296300157,-1.217870813397134,40.709162711635294,0.0010534026787965794,-0.5580715886029936,-0.6594784941109809
IND,2022,11,5.616491594128273,7.2138888888888895,77.4975,18311.283333333333,14.774047619047618,5.644903542172678,5.673315490217084,7.211666666666667,77.24,17406.873684210525,18.33644736842105,5.644903542172678,17754.34476342371,17.55493772309562,0.028411948044642612,-0.028411948044404944,0.05195704096728071,-3.5623997493734336,40.516746305419794,0.0008068275363394857,-0.6594784941109809,-0.7924116768415975
IND,2022,12,5.588079646083867,7.216111111111111,78.81875,18385.131818181817,14.225681818181815,5.616491594128273,5.644903542172678,7.2138888888888895,77.4975,18311.283333333333,14.774047619047618,5.616491594128273,18034.42961190856,15.778725601883496,0.028411948044642612,-0.028411948044405833,0.0040329497121620594,-0.5483658008658026,40.32420362387964,0.0007737601208881979,-0.7924116768415975,-0.8780341579170517
IND,2023,1,5.559667698039461,7.218333333333334,82.4825,17968.745238095238,15.008333333333336,5.588079646083867,5.616491594128273,7.216111111111111,78.81875,18385.131818181817,14.225681818181815,5.588079646083867,18221.72012987013,14.669354256854257,0.028411948044643167,-0.028411948044405833,-0.022648006237017904,0.782651515151521,40.13153466701485,0.0008352465981605893,-0.8780341579170517,-0.874578792259193
IND,2023,2,5.413873275904107,7.198194444444445,82.50285714285714,17739.2225,14.060125,5.559667698039461,5.588079646083867,7.218333333333334,82.4825,17968.745238095238,15.008333333333336,5.520540206675811,18031.033185425684,14.431380050505053,0.0934622131565731,-0.14579442213535376,-0.01277344272256864,-0.9482083333333371,38.970112537539194,0.0007926009722241208,-0.874578792259193,-0.8376077941028893
IND,2023,3,5.268078853768753,7.178055555555556,82.46444444444444,17225.64285714286,14.354642857142856,5.413873275904107,5.559667698039461,7.198194444444445,82.50285714285714,17739.2225,14.060125,5.413873275904106,17644.536865079364,14.474367063492068,0.14579442213540086,-0.14579442213535465,-0.028951643334827137,0.29451785714285705,37.81456268339954,0.0008333298777984648,-0.8376077941028893,-0.9053876101082854
IND,2023,4,5.122284431633399,7.157916666666667,82.71,17710.679411764704,11.911617647058824,5.268078853768753,5.413873275904107,7.178055555555556,82.46444444444444,17225.64285714286,14.354642857142856,5.268078853768753,17558.51492296919,13.442128501400562,0.14579442213540164,-0.14579442213535376,0.028157820212829865,-2.4430252100840324,36.6648851045959,0.000672566950714848,-0.9053876101082854,-0.9835157367882044
IND,2023,5,4.976490009498045,7.137777777777778,82.61,18307.054545454543,12.540113636363635,5.122284431633399,5.268078853768753,7.157916666666667,82.71,17710.679411764704,11.911617647058824,5.122284431633399,17747.792271454033,12.935458046855109,0.14579442213540164,-0.14579442213535376,0.03367319343456043,0.6284959893048114,35.521079801128266,0.0006849880522957867,-0.9835157367882044,-1.132805136998641
IND,2023,6,4.830695587362691,7.117638888888889,82.712,18726.77142857143,11.18047619047619,4.976490009498045,5.122284431633399,7.137777777777778,82.61,18307.054545454543,12.540113636363635,4.976490009498045,18248.168461930225,11.877402491299554,0.14579442213540142,-0.14579442213535376,0.022926510765277408,-1.3596374458874454,34.383146772996646,0.0005970317004787137,-1.132805136998641,-1.2568289223879632
IND,2023,7,4.684901165227338,7.0975,82.70333333333332,19586.0,11.1825,4.830695587362691,4.976490009498045,7.117638888888889,82.712,18726.77142857143,11.18047619047619,4.830695587362691,18873.275324675324,11.634363275613277,0.14579442213540164,-0.14579442213535376,0.04588236550576186,0.0020238095238092058,33.25108602020103,0.0005709435310936382,-1.2568289223879632,-1.349956127945812
IND,2023,8,4.539106743091983,7.077361111111111,82.6625,19438.28636363636,11.636931818181818,4.684901165227338,4.830695587362691,7.0975,82.70333333333332,19586.0,11.1825,4.684901165227337,19250.352597402598,11.33330266955267,0.14579442213540164,-0.14579442213535465,-0.007541797016421881,0.45443181818181877,32.124897542741415,0.0005986603757392569,-1.349956127945812,-1.4238839662535028
IND,2023,9,4.393312320956629,7.057222222222222,82.48714285714286,19786.045,11.197125,4.539106743091983,4.684901165227338,7.077361111111111,82.6625,19438.28636363636,11.636931818181818,4.539106743091984,19603.443787878787,11.338852272727275,0.14579442213540086,-0.14579442213535376,0.017890395781708257,-0.4398068181818182,31.00458134061781,0.0005659102160133569,-1.4238839662535028,-1.446340381266224
IND,2023,10,4.247517898821275,7.037083333333333,82.3075,19481.665,11.10925,4.393312320956629,4.539106743091983,7.057222222222222,82.48714285714286,19786.045,11.197125,4.393312320956629,19568.665454545455,11.314435606060607,0.1457944221354001,-0.14579442213535376,-0.01538356958149023,-0.08787500000000037,29.890137413830217,0.0005702413012440158,-1.446340381266224,-1.4807181732680892
IND,2023,11,4.101723476685921,7.016944444444444,82.5775,19599.16904761905,11.573214285714286,4.247517898821275,4.393312320956629,7.037083333333333,82.3075,19481.665,11.10925,4.247517898821275,19622.293015873016,11.293196428571429,0.1457944221354001,-0.14579442213535465,0.006031519770976823,0.4639642857142867,28.781565762378623,0.0005904951509727514,-1.4807181732680892,-1.529467401109934
IND,2023,12,3.955929054550567,6.996805555555556,82.41375000000001,21165.99,13.512875,4.101723476685921,4.247517898821275,7.016944444444444,82.5775,19599.16904761905,11.573214285714286,4.101723476685922,20082.274682539686,12.065113095238097,0.1457944221353993,-0.14579442213535376,0.07994323374496815,1.9396607142857132,27.678866386263046,0.000638423952765734,-1.529467401109934,-1.6018021051160238
IND,2024,1,3.810134632415213,6.976666666666667,83.45625,21631.893181818185,14.090454545454548,3.955929054550567,4.101723476685921,6.996805555555556,82.41375000000001,21165.99,13.512875,3.9559290545505674,20799.01740981241,13.058847943722947,0.14579442213539834,-0.14579442213535376,0.022011877630962795,0.5775795454545491,26.58203928548347,0.0006513740811783275,-1.6018021051160238,-1.6657537336780461
IND,2024,2,3.73244683456756,6.939166666666667,83.60375,21947.27857142857,15.547857142857143,3.810134632415213,3.955929054550567,6.976666666666667,83.45625,21631.893181818185,14.090454545454548,3.8328368405111135,21581.720584415587,14.383728896103898,0.1134575618963687,-0.07768779784765334,0.01457964806684009,1.457402597402595,25.900070659536727,0.0007084184534431377,-1.6657537336780461,-1.7347899338269495
IND,2024,3,3.6547590367199065,6.901666666666666,83.675,22187.310526315792,13.688333333333333,3.73244683456756,3.810134632415213,6.939166666666667,83.60375,21947.27857142857,15.547857142857143,3.73244683456756,21922.160759854185,14.442215007215012,0.07768779784773588,-0.07768779784765334,0.010936752550254614,-1.859523809523811,25.223928618428555,0.0006169442356295486,-1.7347899338269495,-1.8377954845229791
IND,2024,4,3.577071238872253,6.864166666666667,83.72375,22443.4575,11.739,3.6547590367199065,3.73244683456756,6.901666666666666,83.675,22187.310526315792,13.688333333333333,3.654759036719907,22192.682199248124,13.658396825396828,0.077687797847736,-0.07768779784765334,0.011544750923299096,-1.9493333333333318,24.553613162158957,0.0005230477523349511,-1.8377954845229791,-1.8078124722891662
IND,2024,5,3.4993834410246,6.826666666666666,83.576,22485.231818181812,20.159772727272728,3.577071238872253,3.6547590367199065,6.864166666666667,83.72375,22443.4575,11.739,3.5770712388722536,22371.99994816587,15.195702020202022,0.07768779784773588,-0.07768779784765334,0.0018613138453293931,8.420772727272727,23.889124290727935,0.0008965783804359672,-1.8078124722891662,-1.8543259806370884
IND,2024,6,3.421695643176947,6.789166666666667,83.695,23364.044736842105,15.562368421052632,3.4993834410246,3.577071238872253,6.826666666666666,83.576,22485.231818181812,20.159772727272728,3.4993834410246,22764.244685007972,15.820380382775122,0.07768779784773588,-0.0776877978476529,0.03908400526027367,-4.5974043062200955,23.23046200413549,0.000666081947553917,-1.8543259806370884,-1.941968934721807
IND,2024,7,3.344007845329293,6.751666666666667,83.56142857142856,24495.15227272727,13.540454545454544,3.421695643176947,3.4993834410246,6.789166666666667,83.695,23364.044736842105,15.562368421052632,3.4216956431769465,23448.142942583727,16.42086523125997,0.07768779784773656,-0.07768779784765378,0.048412316815228174,-2.021913875598088,22.577626302381613,0.0005527809908955083,-1.941968934721807,-2.155280988101749
IND,2024,8,3.2663200474816403,6.714166666666666,83.4688888888889,24613.07380952381,14.900833333333336,3.344007845329293,3.421695643176947,6.751666666666667,83.56142857142856,24495.15227272727,13.540454545454544,3.3440078453292936,24157.423606364395,14.667885433280174,0.07768779784773695,-0.0776877978476529,0.004814076494957353,1.3603787878787923,21.93061718546631,0.0006054031872917714,-2.155280988101749,-2.3159689262844174
IND,2024,9,3.188632249633987,6.676666666666667,83.63888888888889,25470.09047619048,13.28654761904762,3.2663200474816403,3.344007845329293,6.714166666666666,83.4688888888889,24613.07380952381,14.900833333333336,3.2663200474816403,24859.43885281385,13.909278499278502,0.07768779784773706,-0.07768779784765334,0.034819570822359314,-1.6142857142857157,21.289434653389588,0.0005216529415734871,-2.3159689262844174,-2.3475657268324013
IND,2024,10,3.1109444517863336,6.639166666666666,83.70625,24781.670454545456,13.932386363636365,3.188632249633987,3.2663200474816403,6.676666666666667,83.63888888888889,25470.09047619048,13.28654761904762,3.188632249633987,24954.944913419913,14.039922438672443,0.07768779784773745,-0.07768779784765334,-0.027028566007198163,0.6458387445887439,20.65407870615143,0.0005622052956111716,-2.3475657268324013,-2.3374508723825316
IND,2024,11,3.0332566539386803,6.601666666666667,83.605,23969.84736842105,15.25473684210526,3.1109444517863336,3.188632249633987,6.639166666666666,83.70625,24781.670454545456,13.932386363636365,3.110944451786333,24740.536099718996,14.15789027492975,0.07768779784773756,-0.07768779784765334,-0.03275901386928093,1.3223504784688949,20.024549343751854,0.0006364135994542264,-2.3374508723825316,-2.2936010126672457
