country,state,year,percentage_of_households_with_source_of_drinking_water_uompercentage_scaling_factor1,revenue_earned_uominrindianrupees_scaling_factor10000000,annual_urban_population_at_mid_year_uomnumber_scaling_factor1000,weighted_average_own_revenue_uominrindianrupees_scaling_factor10000000,revenue_uominrindianrupees_scaling_factor10000000,percentage_of_households_uompercentage_scaling_factor1
IND,Andaman and Nicobar Islands,1991,86.20254846296893,56.963944562899776,2245353.3671399592,587.0241050119332,12633.865217391305,4.501115679873983
IND,Andaman and Nicobar Islands,2001,97.8,56.963944562899776,2245353.3671399592,587.0241050119332,12633.865217391305,62.08
IND,Andaman and Nicobar Islands,2002,98.1,56.963944562899776,2245353.3671399592,587.0241050119332,12633.865217391305,2.88
IND,Andaman and Nicobar Islands,2008,98.1,56.963944562899776,2245353.3671399592,587.0241050119332,12633.865217391305,2.88
IND,Andaman and Nicobar Islands,2011,98.1,56.963944562899776,2245353.3671399592,587.0241050119332,12633.865217391305,76.52
IND,Andaman and Nicobar Islands,2012,86.23233004632054,56.963944562899776,2245353.3671399592,587.0241050119332,12633.865217391305,1.29
IND,Andaman and Nicobar Islands,2015,86.23233004632054,56.963944562899776,2245353.3671399592,0.0,12633.865217391305,1.29
IND,Andaman and Nicobar Islands,2016,86.23233004632054,56.963944562899776,2245353.3671399592,0.0,12633.865217391305,1.29
IND,Andaman and Nicobar Islands,2017,86.23233004632054,56.963944562899776,2245353.3671399592,0.0,12633.865217391305,1.29
IND,Andaman and Nicobar Islands,2018,86.23233004632054,56.963944562899776,2245353.3671399592,0.0,12633.865217391305,1.29
IND,Andaman and Nicobar Islands,2019,86.23233004632054,56.963944562899776,2245353.3671399592,0.0,12633.865217391305,1.29
IND,Andaman and Nicobar Islands,2020,86.23233004632054,56.963944562899776,2245353.3671399592,0.0,12633.865217391305,1.29
IND,Andaman and Nicobar Islands,2021,86.23233004632054,56.963944562899776,2245353.3671399592,0.0,12633.865217391305,1.29
IND,Andaman and Nicobar Islands,2022,86.23233004632054,56.963944562899776,2245353.3671399592,0.0,12633.865217391305,1.29
IND,Andhra Pradesh,1991,86.20254846296893,56.963944562899776,2245353.3671399592,587.0241050119332,12633.865217391305,4.501115679873983
IND,Andhra Pradesh,2001,90.2,56.963944562899776,2245353.3671399592,587.0241050119332,12633.865217391305,71.92
IND,Andhra Pradesh,2002,94.5,56.963944562899776,2245353.3671399592,587.0241050119332,12633.865217391305,2.21
IND,Andhra Pradesh,2008,94.5,56.963944562899776,2245353.3671399592,587.0241050119332,12633.865217391305,2.21
IND,Andhra Pradesh,2011,94.5,56.963944562899776,2245353.3671399592,587.0241050119332,12633.865217391305,78.95
IND,Andhra Pradesh,2012,86.23233004632054,56.963944562899776,2245353.3671399592,587.0241050119332,12633.865217391305,1.48
IND,Andhra Pradesh,2015,86.23233004632054,56.963944562899776,2245353.3671399592,0.0,12633.865217391305,1.48
IND,Andhra Pradesh,2016,86.23233004632054,56.963944562899776,2245353.3671399592,0.0,12633.865217391305,1.48
IND,Andhra Pradesh,2017,86.23233004632054,56.963944562899776,2245353.3671399592,0.0,12633.865217391305,1.48
IND,Andhra Pradesh,2018,86.23233004632054,56.963944562899776,2245353.3671399592,0.0,12633.865217391305,1.48
IND,Andhra Pradesh,2019,86.23233004632054,56.963944562899776,2245353.3671399592,0.0,12633.865217391305,1.48
IND,Andhra Pradesh,2020,86.23233004632054,56.963944562899776,2245353.3671399592,0.0,12633.865217391305,1.48
IND,Andhra Pradesh,2021,86.23233004632054,56.963944562899776,2245353.3671399592,0.0,12633.865217391305,1.48
IND,Andhra Pradesh,2022,86.23233004632054,56.963944562899776,2245353.3671399592,0.0,12633.865217391305,1.48
IND,Arunachal Pradesh,1991,86.20254846296893,56.963944562899776,2245353.3671399592,587.0241050119332,12633.865217391305,4.501115679873983
IND,Arunachal Pradesh,2001,90.7,56.963944562899776,2245353.3671399592,587.0241050119332,12633.865217391305,56.31
IND,Arunachal Pradesh,2002,91.3,56.963944562899776,2245353.3671399592,587.0241050119332,12633.865217391305,4.59
IND,Arunachal Pradesh,2008,91.3,56.963944562899776,2245353.3671399592,587.0241050119332,12633.865217391305,4.59
IND,Arunachal Pradesh,2011,91.3,56.963944562899776,2245353.3671399592,587.0241050119332,12633.865217391305,58.52
IND,Arunachal Pradesh,2012,86.23233004632054,56.963944562899776,2245353.3671399592,587.0241050119332,12633.865217391305,2.8
IND,Arunachal Pradesh,2015,86.23233004632054,56.963944562899776,2245353.3671399592,0.0,12633.865217391305,2.8
IND,Arunachal Pradesh,2016,86.23233004632054,56.963944562899776,2245353.3671399592,0.0,12633.865217391305,2.8
IND,Arunachal Pradesh,2017,86.23233004632054,56.963944562899776,2245353.3671399592,0.0,12633.865217391305,2.8
IND,Arunachal Pradesh,2018,86.23233004632054,56.963944562899776,2245353.3671399592,0.0,12633.865217391305,2.8
IND,Arunachal Pradesh,2019,86.23233004632054,56.963944562899776,2245353.3671399592,0.0,12633.865217391305,2.8
IND,Arunachal Pradesh,2020,86.23233004632054,56.963944562899776,2245353.3671399592,0.0,12633.865217391305,2.8
IND,Arunachal Pradesh,2021,86.23233004632054,56.963944562899776,2245353.3671399592,0.0,12633.865217391305,2.8
IND,Arunachal Pradesh,2022,86.23233004632054,56.963944562899776,2245353.3671399592,0.0,12633.865217391305,2.8
IND,Assam,1991,86.20254846296893,56.963944562899776,2245353.3671399592,587.0241050119332,12633.865217391305,4.501115679873983
IND,Assam,2001,70.4,56.963944562899776,2245353.3671399592,587.0241050119332,12633.865217391305,51.98
IND,Assam,2002,78.2,56.963944562899776,2245353.3671399592,587.0241050119332,12633.865217391305,6.53
IND,Assam,2008,78.2,56.963944562899776,2245353.3671399592,587.0241050119332,12633.865217391305,6.53
IND,Assam,2011,78.2,56.963944562899776,2245353.3671399592,587.0241050119332,12633.865217391305,58.92
IND,Assam,2012,86.23233004632054,56.963944562899776,2245353.3671399592,587.0241050119332,12633.865217391305,5.66
IND,Assam,2015,86.23233004632054,56.963944562899776,2245353.3671399592,0.0,12633.865217391305,5.66
IND,Assam,2016,86.23233004632054,56.963944562899776,2245353.3671399592,0.0,12633.865217391305,5.66
IND,Assam,2017,86.23233004632054,56.963944562899776,2245353.3671399592,0.0,12633.865217391305,5.66
IND,Assam,2018,86.23233004632054,56.963944562899776,2245353.3671399592,0.0,12633.865217391305,5.66
IND,Assam,2019,86.23233004632054,56.963944562899776,2245353.3671399592,0.0,12633.865217391305,5.66
IND,Assam,2020,86.23233004632054,56.963944562899776,2245353.3671399592,0.0,12633.865217391305,5.66
IND,Assam,2021,86.23233004632054,56.963944562899776,2245353.3671399592,0.0,12633.865217391305,5.66
IND,Assam,2022,86.23233004632054,56.963944562899776,2245353.3671399592,0.0,12633.865217391305,5.66
IND,Bihar,1991,86.20254846296893,56.963944562899776,2245353.3671399592,587.0241050119332,12633.865217391305,4.501115679873983
IND,Bihar,2001,91.2,56.963944562899776,2245353.3671399592,587.0241050119332,12633.865217391305,54.22
IND,Bihar,2002,94.7,56.963944562899776,2245353.3671399592,587.0241050119332,12633.865217391305,8.03
IND,Bihar,2008,94.7,56.963944562899776,2245353.3671399592,587.0241050119332,12633.865217391305,8.03
IND,Bihar,2011,94.7,56.963944562899776,2245353.3671399592,587.0241050119332,12633.865217391305,53.05
IND,Bihar,2012,86.23233004632054,56.963944562899776,2245353.3671399592,587.0241050119332,12633.865217391305,6.91
IND,Bihar,2015,86.23233004632054,56.963944562899776,2245353.3671399592,0.0,12633.865217391305,6.91
IND,Bihar,2016,86.23233004632054,56.963944562899776,2245353.3671399592,0.0,12633.865217391305,6.91
IND,Bihar,2017,86.23233004632054,56.963944562899776,2245353.3671399592,0.0,12633.865217391305,6.91
IND,Bihar,2018,86.23233004632054,56.963944562899776,2245353.3671399592,0.0,12633.865217391305,6.91
IND,Bihar,2019,86.23233004632054,56.963944562899776,2245353.3671399592,0.0,12633.865217391305,6.91
IND,Bihar,2020,86.23233004632054,56.963944562899776,2245353.3671399592,0.0,12633.865217391305,6.91
IND,Bihar,2021,86.23233004632054,56.963944562899776,2245353.3671399592,0.0,12633.865217391305,6.91
IND,Bihar,2022,86.23233004632054,56.963944562899776,2245353.3671399592,0.0,12633.865217391305,6.91
IND,Chandigarh,1991,86.20254846296893,56.963944562899776,2245353.3671399592,587.0241050119332,12633.865217391305,4.501115679873983
IND,Chandigarh,2001,99.8,56.963944562899776,2245353.3671399592,587.0241050119332,12633.865217391305,69.72
IND,Chandigarh,2002,99.4,56.963944562899776,2245353.3671399592,587.0241050119332,12633.865217391305,2.8
IND,Chandigarh,2008,99.4,56.963944562899776,2245353.3671399592,587.0241050119332,12633.865217391305,2.8
IND,Chandigarh,2011,99.4,56.963944562899776,2245353.3671399592,587.0241050119332,12633.865217391305,69.86
IND,Chandigarh,2012,86.23233004632054,56.963944562899776,2245353.3671399592,587.0241050119332,12633.865217391305,3.53
IND,Chandigarh,2015,86.23233004632054,56.963944562899776,2245353.3671399592,0.0,12633.865217391305,3.53
IND,Chandigarh,2016,86.23233004632054,56.963944562899776,2245353.3671399592,0.0,12633.865217391305,3.53
IND,Chandigarh,2017,86.23233004632054,56.963944562899776,2245353.3671399592,0.0,12633.865217391305,3.53
IND,Chandigarh,2018,86.23233004632054,56.963944562899776,2245353.3671399592,0.0,12633.865217391305,3.53
IND,Chandigarh,2019,86.23233004632054,56.963944562899776,2245353.3671399592,0.0,12633.865217391305,3.53
IND,Chandigarh,2020,86.23233004632054,56.963944562899776,2245353.3671399592,0.0,12633.865217391305,3.53
IND,Chandigarh,2021,86.23233004632054,56.963944562899776,2245353.3671399592,0.0,12633.865217391305,3.53
IND,Chandigarh,2022,86.23233004632054,56.963944562899776,2245353.3671399592,0.0,12633.865217391305,3.53
IND,Chhattisgarh,1991,86.20254846296893,56.963944562899776,2245353.3671399592,587.0241050119332,12633.865217391305,4.501115679873983
IND,Chhattisgarh,2001,88.8,56.963944562899776,2245353.3671399592,587.0241050119332,12633.865217391305,60.16
IND,Chhattisgarh,2002,93.9,56.963944562899776,2245353.3671399592,587.0241050119332,12633.865217391305,2.82
IND,Chhattisgarh,2008,93.9,56.963944562899776,2245353.3671399592,587.0241050119332,12633.865217391305,2.82
IND,Chhattisgarh,2011,93.9,56.963944562899776,2245353.3671399592,587.0241050119332,12633.865217391305,64.24
IND,Chhattisgarh,2012,86.23233004632054,56.963944562899776,2245353.3671399592,587.0241050119332,12633.865217391305,2.64
IND,Chhattisgarh,2015,86.23233004632054,56.963944562899776,2245353.3671399592,0.0,12633.865217391305,2.64
IND,Chhattisgarh,2016,86.23233004632054,56.963944562899776,2245353.3671399592,0.0,12633.865217391305,2.64
IND,Chhattisgarh,2017,86.23233004632054,56.963944562899776,2245353.3671399592,0.0,12633.865217391305,2.64
IND,Chhattisgarh,2018,86.23233004632054,56.963944562899776,2245353.3671399592,0.0,12633.865217391305,2.64
IND,Chhattisgarh,2019,86.23233004632054,56.963944562899776,2245353.3671399592,0.0,12633.865217391305,2.64
IND,Chhattisgarh,2020,86.23233004632054,56.963944562899776,2245353.3671399592,0.0,12633.865217391305,2.64
IND,Chhattisgarh,2021,86.23233004632054,56.963944562899776,2245353.3671399592,0.0,12633.865217391305,2.64
IND,Chhattisgarh,2022,86.23233004632054,56.963944562899776,2245353.3671399592,0.0,12633.865217391305,2.64
IND,Dadra and Nagar Haveli and Daman & Diu,2015,86.20254846296893,56.963944562899776,2245353.3671399592,0.0,12633.865217391305,4.501115679873983
IND,Dadra and Nagar Haveli and Daman & Diu,2016,86.20254846296893,56.963944562899776,2245353.3671399592,0.0,12633.865217391305,4.501115679873983
IND,Dadra and Nagar Haveli and Daman & Diu,2017,86.20254846296893,56.963944562899776,2245353.3671399592,0.0,12633.865217391305,4.501115679873983
IND,Dadra and Nagar Haveli and Daman & Diu,2018,86.20254846296893,56.963944562899776,2245353.3671399592,0.0,12633.865217391305,4.501115679873983
IND,Dadra and Nagar Haveli and Daman & Diu,2019,86.20254846296893,56.963944562899776,2245353.3671399592,0.0,12633.865217391305,4.501115679873983
IND,Dadra and Nagar Haveli and Daman & Diu,2020,86.20254846296893,56.963944562899776,2245353.3671399592,0.0,12633.865217391305,4.501115679873983
IND,Dadra and Nagar Haveli and Daman & Diu,2021,86.20254846296893,56.963944562899776,2245353.3671399592,0.0,12633.865217391305,4.501115679873983
IND,Dadra and Nagar Haveli and Daman & Diu,2022,86.20254846296893,56.963944562899776,2245353.3671399592,0.0,12633.865217391305,4.501115679873983
IND,Delhi,1991,86.20254846296893,56.963944562899776,2245353.3671399592,587.0241050119332,12633.865217391305,4.501115679873983
IND,Delhi,2001,97.7,56.963944562899776,2245353.3671399592,587.0241050119332,12633.865217391305,58.94
IND,Delhi,2002,95.2,56.963944562899776,2245353.3671399592,587.0241050119332,12633.865217391305,5.41
IND,Delhi,2008,95.2,56.963944562899776,2245353.3671399592,587.0241050119332,12633.865217391305,5.41
IND,Delhi,2011,95.2,56.963944562899776,2245353.3671399592,587.0241050119332,12633.865217391305,66.02
IND,Delhi,2012,86.23233004632054,56.963944562899776,2245353.3671399592,587.0241050119332,12633.865217391305,2.77
IND,Goa,1991,86.20254846296893,56.963944562899776,2245353.3671399592,587.0241050119332,12633.865217391305,4.501115679873983
IND,Goa,2001,82.1,56.963944562899776,2245353.3671399592,587.0241050119332,12633.865217391305,68.53
IND,Goa,2002,90.4,56.963944562899776,2245353.3671399592,587.0241050119332,12633.865217391305,3.98
IND,Goa,2008,90.4,56.963944562899776,2245353.3671399592,587.0241050119332,12633.865217391305,3.98
IND,Goa,2011,90.4,56.963944562899776,2245353.3671399592,587.0241050119332,12633.865217391305,76.89
IND,Goa,2012,86.23233004632054,56.963944562899776,2245353.3671399592,587.0241050119332,12633.865217391305,1.31
IND,Goa,2015,86.23233004632054,56.963944562899776,2245353.3671399592,0.0,12633.865217391305,1.31
IND,Goa,2016,86.23233004632054,56.963944562899776,2245353.3671399592,0.0,12633.865217391305,1.31
IND,Goa,2017,86.23233004632054,56.963944562899776,2245353.3671399592,0.0,12633.865217391305,1.31
IND,Goa,2018,86.23233004632054,56.963944562899776,2245353.3671399592,0.0,12633.865217391305,1.31
IND,Goa,2019,86.23233004632054,56.963944562899776,2245353.3671399592,0.0,12633.865217391305,1.31
IND,Goa,2020,86.23233004632054,56.963944562899776,2245353.3671399592,0.0,12633.865217391305,1.31
IND,Goa,2021,86.23233004632054,56.963944562899776,2245353.3671399592,0.0,12633.865217391305,1.31
IND,Goa,2022,86.23233004632054,56.963944562899776,2245353.3671399592,0.0,12633.865217391305,1.31
IND,Gujarat,1991,86.20254846296893,56.963944562899776,2245353.3671399592,587.0241050119332,12633.865217391305,4.501115679873983
IND,Gujarat,2001,95.4,56.963944562899776,2245353.3671399592,587.0241050119332,12633.865217391305,67.25
IND,Gujarat,2002,97.0,56.963944562899776,2245353.3671399592,587.0241050119332,12633.865217391305,1.94
IND,Gujarat,2008,97.0,56.963944562899776,2245353.3671399592,587.0241050119332,12633.865217391305,1.94
IND,Gujarat,2011,97.0,56.963944562899776,2245353.3671399592,587.0241050119332,12633.865217391305,76.52
IND,Gujarat,2012,86.23233004632054,56.963944562899776,2245353.3671399592,587.0241050119332,12633.865217391305,0.86
IND,Gujarat,2015,86.23233004632054,56.963944562899776,2245353.3671399592,1671.0,12633.865217391305,0.86
IND,Gujarat,2016,86.23233004632054,56.963944562899776,2245353.3671399592,0.0,12633.865217391305,0.86
IND,Gujarat,2017,86.23233004632054,56.963944562899776,2245353.3671399592,0.0,12633.865217391305,0.86
IND,Gujarat,2018,86.23233004632054,56.963944562899776,2245353.3671399592,0.0,12633.865217391305,0.86
IND,Gujarat,2019,86.23233004632054,56.963944562899776,2245353.3671399592,2222.0,12633.865217391305,0.86
IND,Gujarat,2020,86.23233004632054,56.963944562899776,2245353.3671399592,0.0,12633.865217391305,0.86
IND,Gujarat,2021,86.23233004632054,56.963944562899776,2245353.3671399592,2505.0,12633.865217391305,0.86
IND,Gujarat,2022,86.23233004632054,56.963944562899776,2245353.3671399592,0.0,12633.865217391305,0.86
IND,Haryana,1991,86.20254846296893,56.963944562899776,2245353.3671399592,587.0241050119332,12633.865217391305,4.501115679873983
IND,Haryana,2001,97.3,56.963944562899776,2245353.3671399592,587.0241050119332,12633.865217391305,58.64
IND,Haryana,2002,96.7,56.963944562899776,2245353.3671399592,587.0241050119332,12633.865217391305,3.87
IND,Haryana,2008,96.7,56.963944562899776,2245353.3671399592,587.0241050119332,12633.865217391305,3.87
IND,Haryana,2011,96.7,56.963944562899776,2245353.3671399592,587.0241050119332,12633.865217391305,62.92
IND,Haryana,2012,86.23233004632054,56.963944562899776,2245353.3671399592,587.0241050119332,12633.865217391305,3.38
IND,Haryana,2015,86.23233004632054,56.963944562899776,2245353.3671399592,0.0,12633.865217391305,3.38
IND,Haryana,2016,86.23233004632054,56.963944562899776,2245353.3671399592,0.0,12633.865217391305,3.38
IND,Haryana,2017,86.23233004632054,56.963944562899776,2245353.3671399592,0.0,12633.865217391305,3.38
IND,Haryana,2018,86.23233004632054,56.963944562899776,2245353.3671399592,0.0,12633.865217391305,3.38
IND,Haryana,2019,86.23233004632054,56.963944562899776,2245353.3671399592,0.0,12633.865217391305,3.38
IND,Haryana,2020,86.23233004632054,56.963944562899776,2245353.3671399592,0.0,12633.865217391305,3.38
IND,Haryana,2021,86.23233004632054,56.963944562899776,2245353.3671399592,0.0,12633.865217391305,3.38
IND,Haryana,2022,86.23233004632054,56.963944562899776,2245353.3671399592,0.0,12633.865217391305,3.38
IND,Himachal Pradesh,1991,86.20254846296893,56.963944562899776,2245353.3671399592,587.0241050119332,12633.865217391305,4.501115679873983
IND,Himachal Pradesh,2001,97.0,56.963944562899776,2245353.3671399592,587.0241050119332,12633.865217391305,73.28
IND,Himachal Pradesh,2002,97.8,56.963944562899776,2245353.3671399592,587.0241050119332,12633.865217391305,2.78
IND,Himachal Pradesh,2008,97.8,56.963944562899776,2245353.3671399592,587.0241050119332,12633.865217391305,2.78
IND,Himachal Pradesh,2011,97.8,56.963944562899776,2245353.3671399592,587.0241050119332,12633.865217391305,80.12
IND,Himachal Pradesh,2012,86.23233004632054,56.963944562899776,2245353.3671399592,587.0241050119332,12633.865217391305,1.41
IND,Himachal Pradesh,2015,86.23233004632054,56.963944562899776,2245353.3671399592,0.0,12633.865217391305,1.41
IND,Himachal Pradesh,2016,86.23233004632054,56.963944562899776,2245353.3671399592,0.0,12633.865217391305,1.41
IND,Himachal Pradesh,2017,86.23233004632054,56.963944562899776,2245353.3671399592,0.0,12633.865217391305,1.41
IND,Himachal Pradesh,2018,86.23233004632054,56.963944562899776,2245353.3671399592,0.0,12633.865217391305,1.41
IND,Himachal Pradesh,2019,86.23233004632054,56.963944562899776,2245353.3671399592,0.0,12633.865217391305,1.41
IND,Himachal Pradesh,2020,86.23233004632054,56.963944562899776,2245353.3671399592,0.0,12633.865217391305,1.41
IND,Himachal Pradesh,2021,86.23233004632054,56.963944562899776,2245353.3671399592,0.0,12633.865217391305,1.41
IND,Himachal Pradesh,2022,86.23233004632054,56.963944562899776,2245353.3671399592,0.0,12633.865217391305,1.41
IND,India,2000,86.20254846296893,56.963944562899776,291350.0,587.0241050119332,12633.865217391305,4.501115679873983
IND,India,2005,86.20254846296893,56.963944562899776,334479.0,587.0241050119332,12633.865217391305,4.501115679873983
IND,India,2010,86.20254846296893,56.963944562899776,380745.0,587.0241050119332,12633.865217391305,4.501115679873983
IND,India,2012,86.20254846296893,2687.48,3594868.0,587.0241050119332,12633.865217391305,4.501115679873983
IND,India,2013,86.20254846296893,3198.02,3594868.0,587.0241050119332,12633.865217391305,4.501115679873983
IND,India,2014,86.20254846296893,3562.27,3594868.0,587.0241050119332,12633.865217391305,4.501115679873983
IND,India,2015,86.20254846296893,37.24,429069.0,587.0241050119332,38393.0,4.501115679873983
IND,India,2016,86.20254846296893,37.24,3981498.0,587.0241050119332,38071.0,4.501115679873983
IND,India,2017,86.20254846296893,37.24,3981498.0,587.0241050119332,45803.0,4.501115679873983
IND,India,2018,86.20254846296893,37.24,460780.0,587.0241050119332,4589.0,4.501115679873983
IND,India,2019,86.20254846296893,37.24,4219817.0,587.0241050119332,51251.0,4.501115679873983
IND,India,2020,86.20254846296893,37.24,4219817.0,587.0241050119332,53252.0,4.501115679873983
IND,India,2021,86.20254846296893,37.24,4219817.0,587.0241050119332,72747.0,4.501115679873983
IND,India,2022,86.20254846296893,37.24,4219817.0,587.0241050119332,58826.0,4.501115679873983
IND,Jammu and Kashmir,1991,86.20254846296893,56.963944562899776,2245353.3671399592,587.0241050119332,12633.865217391305,4.501115679873983
IND,Jammu and Kashmir,2001,95.7,56.963944562899776,2245353.3671399592,587.0241050119332,12633.865217391305,57.16
IND,Jammu and Kashmir,2002,96.1,56.963944562899776,2245353.3671399592,587.0241050119332,12633.865217391305,2.69
IND,Jammu and Kashmir,2008,96.1,56.963944562899776,2245353.3671399592,587.0241050119332,12633.865217391305,2.69
IND,Jammu and Kashmir,2011,96.1,56.963944562899776,2245353.3671399592,587.0241050119332,12633.865217391305,70.86
IND,Jammu and Kashmir,2012,86.23233004632054,56.963944562899776,2245353.3671399592,587.0241050119332,12633.865217391305,2.86
IND,Jammu and Kashmir,2015,86.23233004632054,56.963944562899776,2245353.3671399592,0.0,12633.865217391305,2.86
IND,Jammu and Kashmir,2016,86.23233004632054,56.963944562899776,2245353.3671399592,0.0,12633.865217391305,2.86
IND,Jammu and Kashmir,2017,86.23233004632054,56.963944562899776,2245353.3671399592,0.0,12633.865217391305,2.86
IND,Jammu and Kashmir,2018,86.23233004632054,56.963944562899776,2245353.3671399592,0.0,12633.865217391305,2.86
IND,Jammu and Kashmir,2019,86.23233004632054,56.963944562899776,2245353.3671399592,0.0,12633.865217391305,2.86
IND,Jammu and Kashmir,2020,86.23233004632054,56.963944562899776,2245353.3671399592,0.0,12633.865217391305,2.86
IND,Jammu and Kashmir,2021,86.23233004632054,56.963944562899776,2245353.3671399592,0.0,12633.865217391305,2.86
IND,Jammu and Kashmir,2022,86.23233004632054,56.963944562899776,2245353.3671399592,0.0,12633.865217391305,2.86
IND,Jharkhand,1991,86.20254846296893,56.963944562899776,2245353.3671399592,587.0241050119332,12633.865217391305,4.501115679873983
IND,Jharkhand,2001,68.2,56.963944562899776,2245353.3671399592,587.0241050119332,12633.865217391305,59.58
IND,Jharkhand,2002,78.4,56.963944562899776,2245353.3671399592,587.0241050119332,12633.865217391305,4.39
IND,Jharkhand,2008,78.4,56.963944562899776,2245353.3671399592,587.0241050119332,12633.865217391305,4.39
IND,Jharkhand,2011,78.4,56.963944562899776,2245353.3671399592,587.0241050119332,12633.865217391305,59.94
IND,Jharkhand,2012,86.23233004632054,56.963944562899776,2245353.3671399592,587.0241050119332,12633.865217391305,3.73
IND,Jharkhand,2015,86.23233004632054,56.963944562899776,2245353.3671399592,0.0,12633.865217391305,3.73
IND,Jharkhand,2016,86.23233004632054,56.963944562899776,2245353.3671399592,0.0,12633.865217391305,3.73
IND,Jharkhand,2017,86.23233004632054,56.963944562899776,2245353.3671399592,0.0,12633.865217391305,3.73
IND,Jharkhand,2018,86.23233004632054,56.963944562899776,2245353.3671399592,0.0,12633.865217391305,3.73
IND,Jharkhand,2019,86.23233004632054,56.963944562899776,2245353.3671399592,0.0,12633.865217391305,3.73
IND,Jharkhand,2020,86.23233004632054,56.963944562899776,2245353.3671399592,0.0,12633.865217391305,3.73
IND,Jharkhand,2021,86.23233004632054,56.963944562899776,2245353.3671399592,0.0,12633.865217391305,3.73
IND,Jharkhand,2022,86.23233004632054,56.963944562899776,2245353.3671399592,0.0,12633.865217391305,3.73
IND,Karnataka,1991,86.20254846296893,56.963944562899776,2245353.3671399592,587.0241050119332,12633.865217391305,4.501115679873983
IND,Karnataka,2001,92.1,56.963944562899776,2245353.3671399592,587.0241050119332,12633.865217391305,58.41
IND,Karnataka,2002,92.3,56.963944562899776,2245353.3671399592,587.0241050119332,12633.865217391305,3.34
IND,Karnataka,2008,92.3,56.963944562899776,2245353.3671399592,587.0241050119332,12633.865217391305,3.34
IND,Karnataka,2011,92.3,56.963944562899776,2245353.3671399592,587.0241050119332,12633.865217391305,72.4
IND,Karnataka,2012,86.23233004632054,56.963944562899776,2245353.3671399592,587.0241050119332,12633.865217391305,1.93
IND,Karnataka,2015,86.23233004632054,56.963944562899776,2245353.3671399592,0.0,12633.865217391305,1.93
IND,Karnataka,2016,86.23233004632054,56.963944562899776,2245353.3671399592,0.0,12633.865217391305,1.93
IND,Karnataka,2017,86.23233004632054,56.963944562899776,2245353.3671399592,0.0,12633.865217391305,1.93
IND,Karnataka,2018,86.23233004632054,56.963944562899776,2245353.3671399592,0.0,12633.865217391305,1.93
IND,Karnataka,2019,86.23233004632054,56.963944562899776,2245353.3671399592,3576.0,12633.865217391305,1.93
IND,Karnataka,2020,86.23233004632054,56.963944562899776,2245353.3671399592,0.0,12633.865217391305,1.93
IND,Karnataka,2021,86.23233004632054,56.963944562899776,2245353.3671399592,3850.0,12633.865217391305,1.93
IND,Karnataka,2022,86.23233004632054,56.963944562899776,2245353.3671399592,0.0,12633.865217391305,1.93
IND,Kerala,1991,86.20254846296893,56.963944562899776,2245353.3671399592,587.0241050119332,12633.865217391305,4.501115679873983
IND,Kerala,2001,42.8,56.963944562899776,2245353.3671399592,587.0241050119332,12633.865217391305,64.85
IND,Kerala,2002,39.4,56.963944562899776,2245353.3671399592,587.0241050119332,12633.865217391305,5.7
IND,Kerala,2008,39.4,56.963944562899776,2245353.3671399592,587.0241050119332,12633.865217391305,5.7
IND,Kerala,2011,39.4,56.963944562899776,2245353.3671399592,587.0241050119332,12633.865217391305,72.37
IND,Kerala,2012,86.23233004632054,56.963944562899776,2245353.3671399592,587.0241050119332,12633.865217391305,3.94
IND,Kerala,2015,86.23233004632054,56.963944562899776,2245353.3671399592,0.0,12633.865217391305,3.94
IND,Kerala,2016,86.23233004632054,56.963944562899776,2245353.3671399592,0.0,12633.865217391305,3.94
IND,Kerala,2017,86.23233004632054,56.963944562899776,2245353.3671399592,0.0,12633.865217391305,3.94
IND,Kerala,2018,86.23233004632054,56.963944562899776,2245353.3671399592,0.0,12633.865217391305,3.94
IND,Kerala,2019,86.23233004632054,56.963944562899776,2245353.3671399592,0.0,12633.865217391305,3.94
IND,Kerala,2020,86.23233004632054,56.963944562899776,2245353.3671399592,0.0,12633.865217391305,3.94
IND,Kerala,2021,86.23233004632054,56.963944562899776,2245353.3671399592,0.0,12633.865217391305,3.94
IND,Kerala,2022,86.23233004632054,56.963944562899776,2245353.3671399592,0.0,12633.865217391305,3.94
IND,Ladakh,1991,86.20254846296893,56.963944562899776,2245353.3671399592,587.0241050119332,12633.865217391305,4.501115679873983
IND,Ladakh,2001,95.7,56.963944562899776,2245353.3671399592,587.0241050119332,12633.865217391305,57.16
IND,Ladakh,2002,96.1,56.963944562899776,2245353.3671399592,587.0241050119332,12633.865217391305,2.69
IND,Ladakh,2008,96.1,56.963944562899776,2245353.3671399592,587.0241050119332,12633.865217391305,2.69
IND,Ladakh,2011,96.1,56.963944562899776,2245353.3671399592,587.0241050119332,12633.865217391305,70.86
IND,Ladakh,2012,86.23233004632054,56.963944562899776,2245353.3671399592,587.0241050119332,12633.865217391305,2.86
IND,Ladakh,2015,86.23233004632054,56.963944562899776,2245353.3671399592,0.0,12633.865217391305,2.86
IND,Ladakh,2016,86.23233004632054,56.963944562899776,2245353.3671399592,0.0,12633.865217391305,2.86
IND,Ladakh,2017,86.23233004632054,56.963944562899776,2245353.3671399592,0.0,12633.865217391305,2.86
IND,Ladakh,2018,86.23233004632054,56.963944562899776,2245353.3671399592,0.0,12633.865217391305,2.86
IND,Ladakh,2019,86.23233004632054,56.963944562899776,2245353.3671399592,0.0,12633.865217391305,2.86
IND,Ladakh,2020,86.23233004632054,56.963944562899776,2245353.3671399592,0.0,12633.865217391305,2.86
IND,Ladakh,2021,86.23233004632054,56.963944562899776,2245353.3671399592,0.0,12633.865217391305,2.86
IND,Ladakh,2022,86.23233004632054,56.963944562899776,2245353.3671399592,0.0,12633.865217391305,2.86
IND,Lakshadweep,1991,86.20254846296893,56.963944562899776,2245353.3671399592,587.0241050119332,12633.865217391305,4.501115679873983
IND,Lakshadweep,2001,4.6,56.963944562899776,2245353.3671399592,587.0241050119332,12633.865217391305,80.23
IND,Lakshadweep,2002,20.2,56.963944562899776,2245353.3671399592,587.0241050119332,12633.865217391305,1.18
IND,Lakshadweep,2008,20.2,56.963944562899776,2245353.3671399592,587.0241050119332,12633.865217391305,1.18
IND,Lakshadweep,2011,20.2,56.963944562899776,2245353.3671399592,587.0241050119332,12633.865217391305,85.21
IND,Lakshadweep,2012,86.23233004632054,56.963944562899776,2245353.3671399592,587.0241050119332,12633.865217391305,0.48
IND,Madhya Pradesh,1991,86.20254846296893,56.963944562899776,2245353.3671399592,587.0241050119332,12633.865217391305,4.501115679873983
IND,Madhya Pradesh,2001,88.6,56.963944562899776,2245353.3671399592,587.0241050119332,12633.865217391305,63.49
IND,Madhya Pradesh,2002,92.1,56.963944562899776,2245353.3671399592,587.0241050119332,12633.865217391305,3.14
IND,Madhya Pradesh,2008,92.1,56.963944562899776,2245353.3671399592,587.0241050119332,12633.865217391305,3.14
IND,Madhya Pradesh,2011,92.1,56.963944562899776,2245353.3671399592,587.0241050119332,12633.865217391305,67.6
IND,Madhya Pradesh,2012,86.23233004632054,56.963944562899776,2245353.3671399592,587.0241050119332,12633.865217391305,2.7
IND,Madhya Pradesh,2015,86.23233004632054,56.963944562899776,2245353.3671399592,0.0,12633.865217391305,2.7
IND,Madhya Pradesh,2016,86.23233004632054,56.963944562899776,2245353.3671399592,0.0,12633.865217391305,2.7
IND,Madhya Pradesh,2017,86.23233004632054,56.963944562899776,2245353.3671399592,0.0,12633.865217391305,2.7
IND,Madhya Pradesh,2018,86.23233004632054,56.963944562899776,2245353.3671399592,0.0,12633.865217391305,2.7
IND,Madhya Pradesh,2019,86.23233004632054,56.963944562899776,2245353.3671399592,0.0,12633.865217391305,2.7
IND,Madhya Pradesh,2020,86.23233004632054,56.963944562899776,2245353.3671399592,0.0,12633.865217391305,2.7
IND,Madhya Pradesh,2021,86.23233004632054,56.963944562899776,2245353.3671399592,0.0,12633.865217391305,2.7
IND,Madhya Pradesh,2022,86.23233004632054,56.963944562899776,2245353.3671399592,0.0,12633.865217391305,2.7
IND,Maharashtra,1991,86.20254846296893,56.963944562899776,2245353.3671399592,587.0241050119332,12633.865217391305,4.501115679873983
IND,Maharashtra,2001,95.4,56.963944562899776,2245353.3671399592,587.0241050119332,12633.865217391305,62.61
IND,Maharashtra,2002,95.7,56.963944562899776,2245353.3671399592,587.0241050119332,12633.865217391305,3.04
IND,Maharashtra,2008,95.7,56.963944562899776,2245353.3671399592,587.0241050119332,12633.865217391305,3.04
IND,Maharashtra,2011,95.7,56.963944562899776,2245353.3671399592,587.0241050119332,12633.865217391305,73.13
IND,Maharashtra,2012,86.23233004632054,56.963944562899776,2245353.3671399592,587.0241050119332,12633.865217391305,1.87
IND,Maharashtra,2015,86.23233004632054,56.963944562899776,2245353.3671399592,0.0,12633.865217391305,1.87
IND,Maharashtra,2016,86.23233004632054,56.963944562899776,2245353.3671399592,0.0,12633.865217391305,1.87
IND,Maharashtra,2017,86.23233004632054,56.963944562899776,2245353.3671399592,0.0,12633.865217391305,1.87
IND,Maharashtra,2018,86.23233004632054,56.963944562899776,2245353.3671399592,0.0,12633.865217391305,1.87
IND,Maharashtra,2019,86.23233004632054,56.963944562899776,2245353.3671399592,0.0,12633.865217391305,1.87
IND,Maharashtra,2020,86.23233004632054,56.963944562899776,2245353.3671399592,0.0,12633.865217391305,1.87
IND,Maharashtra,2021,86.23233004632054,56.963944562899776,2245353.3671399592,0.0,12633.865217391305,1.87
IND,Maharashtra,2022,86.23233004632054,56.963944562899776,2245353.3671399592,0.0,12633.865217391305,1.87
IND,Manipur,1991,86.20254846296893,56.963944562899776,2245353.3671399592,587.0241050119332,12633.865217391305,4.501115679873983
IND,Manipur,2001,59.4,56.963944562899776,2245353.3671399592,587.0241050119332,12633.865217391305,62.17
IND,Manipur,2002,60.8,56.963944562899776,2245353.3671399592,587.0241050119332,12633.865217391305,3.7
IND,Manipur,2008,60.8,56.963944562899776,2245353.3671399592,587.0241050119332,12633.865217391305,3.7
IND,Manipur,2011,60.8,56.963944562899776,2245353.3671399592,587.0241050119332,12633.865217391305,63.38
IND,Manipur,2012,86.23233004632054,56.963944562899776,2245353.3671399592,587.0241050119332,12633.865217391305,4.48
IND,Manipur,2015,86.23233004632054,56.963944562899776,2245353.3671399592,0.0,12633.865217391305,4.48
IND,Manipur,2016,86.23233004632054,56.963944562899776,2245353.3671399592,0.0,12633.865217391305,4.48
IND,Manipur,2017,86.23233004632054,56.963944562899776,2245353.3671399592,0.0,12633.865217391305,4.48
IND,Manipur,2018,86.23233004632054,56.963944562899776,2245353.3671399592,0.0,12633.865217391305,4.48
IND,Manipur,2019,86.23233004632054,56.963944562899776,2245353.3671399592,0.0,12633.865217391305,4.48
IND,Manipur,2020,86.23233004632054,56.963944562899776,2245353.3671399592,0.0,12633.865217391305,4.48
IND,Manipur,2021,86.23233004632054,56.963944562899776,2245353.3671399592,0.0,12633.865217391305,4.48
IND,Manipur,2022,86.23233004632054,56.963944562899776,2245353.3671399592,0.0,12633.865217391305,4.48
IND,Meghalaya,1991,86.20254846296893,56.963944562899776,2245353.3671399592,587.0241050119332,12633.865217391305,4.501115679873983
IND,Meghalaya,2001,73.5,56.963944562899776,2245353.3671399592,587.0241050119332,12633.865217391305,60.88
IND,Meghalaya,2002,79.5,56.963944562899776,2245353.3671399592,587.0241050119332,12633.865217391305,4.51
IND,Meghalaya,2008,79.5,56.963944562899776,2245353.3671399592,587.0241050119332,12633.865217391305,4.51
IND,Meghalaya,2011,79.5,56.963944562899776,2245353.3671399592,587.0241050119332,12633.865217391305,69.53
IND,Meghalaya,2012,86.23233004632054,56.963944562899776,2245353.3671399592,587.0241050119332,12633.865217391305,2.74
IND,Meghalaya,2015,86.23233004632054,56.963944562899776,2245353.3671399592,0.0,12633.865217391305,2.74
IND,Meghalaya,2016,86.23233004632054,56.963944562899776,2245353.3671399592,0.0,12633.865217391305,2.74
IND,Meghalaya,2017,86.23233004632054,56.963944562899776,2245353.3671399592,0.0,12633.865217391305,2.74
IND,Meghalaya,2018,86.23233004632054,56.963944562899776,2245353.3671399592,0.0,12633.865217391305,2.74
IND,Meghalaya,2019,86.23233004632054,56.963944562899776,2245353.3671399592,0.0,12633.865217391305,2.74
IND,Meghalaya,2020,86.23233004632054,56.963944562899776,2245353.3671399592,0.0,12633.865217391305,2.74
IND,Meghalaya,2021,86.23233004632054,56.963944562899776,2245353.3671399592,0.0,12633.865217391305,2.74
IND,Meghalaya,2022,86.23233004632054,56.963944562899776,2245353.3671399592,0.0,12633.865217391305,2.74
IND,Mizoram,1991,86.20254846296893,56.963944562899776,2245353.3671399592,587.0241050119332,12633.865217391305,4.501115679873983
IND,Mizoram,2001,47.8,56.963944562899776,2245353.3671399592,587.0241050119332,12633.865217391305,59.62
IND,Mizoram,2002,75.8,56.963944562899776,2245353.3671399592,587.0241050119332,12633.865217391305,1.05
IND,Mizoram,2008,75.8,56.963944562899776,2245353.3671399592,587.0241050119332,12633.865217391305,1.05
IND,Mizoram,2011,75.8,56.963944562899776,2245353.3671399592,587.0241050119332,12633.865217391305,73.64
IND,Mizoram,2012,86.23233004632054,56.963944562899776,2245353.3671399592,587.0241050119332,12633.865217391305,1.5
IND,Mizoram,2015,86.23233004632054,56.963944562899776,2245353.3671399592,0.0,12633.865217391305,1.5
IND,Mizoram,2016,86.23233004632054,56.963944562899776,2245353.3671399592,0.0,12633.865217391305,1.5
IND,Mizoram,2017,86.23233004632054,56.963944562899776,2245353.3671399592,0.0,12633.865217391305,1.5
IND,Mizoram,2018,86.23233004632054,56.963944562899776,2245353.3671399592,0.0,12633.865217391305,1.5
IND,Mizoram,2019,86.23233004632054,56.963944562899776,2245353.3671399592,0.0,12633.865217391305,1.5
IND,Mizoram,2020,86.23233004632054,56.963944562899776,2245353.3671399592,0.0,12633.865217391305,1.5
IND,Mizoram,2021,86.23233004632054,56.963944562899776,2245353.3671399592,0.0,12633.865217391305,1.5
IND,Mizoram,2022,86.23233004632054,56.963944562899776,2245353.3671399592,0.0,12633.865217391305,1.5
IND,Nagaland,1991,86.20254846296893,56.963944562899776,2245353.3671399592,587.0241050119332,12633.865217391305,4.501115679873983
IND,Nagaland,2001,42.3,56.963944562899776,2245353.3671399592,587.0241050119332,12633.865217391305,49.6
IND,Nagaland,2002,51.8,56.963944562899776,2245353.3671399592,587.0241050119332,12633.865217391305,4.43
IND,Nagaland,2008,51.8,56.963944562899776,2245353.3671399592,587.0241050119332,12633.865217391305,4.43
IND,Nagaland,2011,51.8,56.963944562899776,2245353.3671399592,587.0241050119332,12633.865217391305,62.04
IND,Nagaland,2012,86.23233004632054,56.963944562899776,2245353.3671399592,587.0241050119332,12633.865217391305,1.89
IND,Nagaland,2015,86.23233004632054,56.963944562899776,2245353.3671399592,0.0,12633.865217391305,1.89
IND,Nagaland,2016,86.23233004632054,56.963944562899776,2245353.3671399592,0.0,12633.865217391305,1.89
IND,Nagaland,2017,86.23233004632054,56.963944562899776,2245353.3671399592,0.0,12633.865217391305,1.89
IND,Nagaland,2018,86.23233004632054,56.963944562899776,2245353.3671399592,0.0,12633.865217391305,1.89
IND,Nagaland,2019,86.23233004632054,56.963944562899776,2245353.3671399592,0.0,12633.865217391305,1.89
IND,Nagaland,2020,86.23233004632054,56.963944562899776,2245353.3671399592,0.0,12633.865217391305,1.89
IND,Nagaland,2021,86.23233004632054,56.963944562899776,2245353.3671399592,0.0,12633.865217391305,1.89
IND,Nagaland,2022,86.23233004632054,56.963944562899776,2245353.3671399592,0.0,12633.865217391305,1.89
IND,Odisha,1991,86.20254846296893,56.963944562899776,2245353.3671399592,587.0241050119332,12633.865217391305,4.501115679873983
IND,Odisha,2001,72.3,56.963944562899776,2245353.3671399592,587.0241050119332,12633.865217391305,46.25
IND,Odisha,2002,79.8,56.963944562899776,2245353.3671399592,587.0241050119332,12633.865217391305,7.83
IND,Odisha,2008,79.8,56.963944562899776,2245353.3671399592,587.0241050119332,12633.865217391305,7.83
IND,Odisha,2011,79.8,56.963944562899776,2245353.3671399592,587.0241050119332,12633.865217391305,51.54
IND,Odisha,2012,86.23233004632054,56.963944562899776,2245353.3671399592,587.0241050119332,12633.865217391305,5.81
IND,Odisha,2015,86.23233004632054,56.963944562899776,2245353.3671399592,0.0,12633.865217391305,5.81
IND,Odisha,2016,86.23233004632054,56.963944562899776,2245353.3671399592,0.0,12633.865217391305,5.81
IND,Odisha,2017,86.23233004632054,56.963944562899776,2245353.3671399592,0.0,12633.865217391305,5.81
IND,Odisha,2018,86.23233004632054,56.963944562899776,2245353.3671399592,0.0,12633.865217391305,5.81
IND,Odisha,2019,86.23233004632054,56.963944562899776,2245353.3671399592,0.0,12633.865217391305,5.81
IND,Odisha,2020,86.23233004632054,56.963944562899776,2245353.3671399592,0.0,12633.865217391305,5.81
IND,Odisha,2021,86.23233004632054,56.963944562899776,2245353.3671399592,0.0,12633.865217391305,5.81
IND,Odisha,2022,86.23233004632054,56.963944562899776,2245353.3671399592,0.0,12633.865217391305,5.81
IND,Puducherry,1991,86.20254846296893,56.963944562899776,2245353.3671399592,587.0241050119332,12633.865217391305,4.501115679873983
IND,Puducherry,2001,95.5,56.963944562899776,2245353.3671399592,587.0241050119332,12633.865217391305,91.34
IND,Puducherry,2002,97.0,56.963944562899776,2245353.3671399592,587.0241050119332,12633.865217391305,0.61
IND,Puducherry,2008,97.0,56.963944562899776,2245353.3671399592,587.0241050119332,12633.865217391305,0.61
IND,Puducherry,2011,97.0,56.963944562899776,2245353.3671399592,587.0241050119332,12633.865217391305,79.95
IND,Puducherry,2012,86.23233004632054,56.963944562899776,2245353.3671399592,587.0241050119332,12633.865217391305,1.19
IND,Puducherry,2015,86.23233004632054,56.963944562899776,2245353.3671399592,0.0,12633.865217391305,1.19
IND,Puducherry,2016,86.23233004632054,56.963944562899776,2245353.3671399592,0.0,12633.865217391305,1.19
IND,Puducherry,2017,86.23233004632054,56.963944562899776,2245353.3671399592,0.0,12633.865217391305,1.19
IND,Puducherry,2018,86.23233004632054,56.963944562899776,2245353.3671399592,0.0,12633.865217391305,1.19
IND,Puducherry,2019,86.23233004632054,56.963944562899776,2245353.3671399592,0.0,12633.865217391305,1.19
IND,Puducherry,2020,86.23233004632054,56.963944562899776,2245353.3671399592,0.0,12633.865217391305,1.19
IND,Puducherry,2021,86.23233004632054,56.963944562899776,2245353.3671399592,0.0,12633.865217391305,1.19
IND,Puducherry,2022,86.23233004632054,56.963944562899776,2245353.3671399592,0.0,12633.865217391305,1.19
IND,Punjab,1991,86.20254846296893,56.963944562899776,2245353.3671399592,587.0241050119332,12633.865217391305,4.501115679873983
IND,Punjab,2001,98.9,56.963944562899776,2245353.3671399592,587.0241050119332,12633.865217391305,63.94
IND,Punjab,2002,98.9,56.963944562899776,2245353.3671399592,587.0241050119332,12633.865217391305,3.82
IND,Punjab,2008,98.9,56.963944562899776,2245353.3671399592,587.0241050119332,12633.865217391305,3.82
IND,Punjab,2011,98.9,56.963944562899776,2245353.3671399592,587.0241050119332,12633.865217391305,57.32
IND,Punjab,2012,86.23233004632054,56.963944562899776,2245353.3671399592,587.0241050119332,12633.865217391305,5.24
IND,Punjab,2015,86.23233004632054,56.963944562899776,2245353.3671399592,0.0,12633.865217391305,5.24
IND,Punjab,2016,86.23233004632054,56.963944562899776,2245353.3671399592,0.0,12633.865217391305,5.24
IND,Punjab,2017,86.23233004632054,56.963944562899776,2245353.3671399592,0.0,12633.865217391305,5.24
IND,Punjab,2018,86.23233004632054,56.963944562899776,2245353.3671399592,0.0,12633.865217391305,5.24
IND,Punjab,2019,86.23233004632054,56.963944562899776,2245353.3671399592,0.0,12633.865217391305,5.24
IND,Punjab,2020,86.23233004632054,56.963944562899776,2245353.3671399592,0.0,12633.865217391305,5.24
IND,Punjab,2021,86.23233004632054,56.963944562899776,2245353.3671399592,0.0,12633.865217391305,5.24
IND,Punjab,2022,86.23233004632054,56.963944562899776,2245353.3671399592,0.0,12633.865217391305,5.24
IND,Rajasthan,1991,86.20254846296893,56.963944562899776,2245353.3671399592,587.0241050119332,12633.865217391305,4.501115679873983
IND,Rajasthan,2001,93.5,56.963944562899776,2245353.3671399592,587.0241050119332,12633.865217391305,62.38
IND,Rajasthan,2002,94.3,56.963944562899776,2245353.3671399592,587.0241050119332,12633.865217391305,2.28
IND,Rajasthan,2008,94.3,56.963944562899776,2245353.3671399592,587.0241050119332,12633.865217391305,2.28
IND,Rajasthan,2011,94.3,56.963944562899776,2245353.3671399592,587.0241050119332,12633.865217391305,68.9
IND,Rajasthan,2012,86.23233004632054,56.963944562899776,2245353.3671399592,587.0241050119332,12633.865217391305,1.81
IND,Rajasthan,2015,86.23233004632054,56.963944562899776,2245353.3671399592,0.0,12633.865217391305,1.81
IND,Rajasthan,2016,86.23233004632054,56.963944562899776,2245353.3671399592,0.0,12633.865217391305,1.81
IND,Rajasthan,2017,86.23233004632054,56.963944562899776,2245353.3671399592,0.0,12633.865217391305,1.81
IND,Rajasthan,2018,86.23233004632054,56.963944562899776,2245353.3671399592,0.0,12633.865217391305,1.81
IND,Rajasthan,2019,86.23233004632054,56.963944562899776,2245353.3671399592,0.0,12633.865217391305,1.81
IND,Rajasthan,2020,86.23233004632054,56.963944562899776,2245353.3671399592,0.0,12633.865217391305,1.81
IND,Rajasthan,2021,86.23233004632054,56.963944562899776,2245353.3671399592,0.0,12633.865217391305,1.81
IND,Rajasthan,2022,86.23233004632054,56.963944562899776,2245353.3671399592,0.0,12633.865217391305,1.81
IND,Sikkim,1991,86.20254846296893,56.963944562899776,2245353.3671399592,587.0241050119332,12633.865217391305,4.501115679873983
IND,Sikkim,2001,97.1,56.963944562899776,2245353.3671399592,587.0241050119332,12633.865217391305,85.8
IND,Sikkim,2002,92.2,56.963944562899776,2245353.3671399592,587.0241050119332,12633.865217391305,1.5
IND,Sikkim,2008,92.2,56.963944562899776,2245353.3671399592,587.0241050119332,12633.865217391305,1.5
IND,Sikkim,2011,92.2,56.963944562899776,2245353.3671399592,587.0241050119332,12633.865217391305,80.29
IND,Sikkim,2012,86.23233004632054,56.963944562899776,2245353.3671399592,587.0241050119332,12633.865217391305,1.76
IND,Sikkim,2015,86.23233004632054,56.963944562899776,2245353.3671399592,0.0,12633.865217391305,1.76
IND,Sikkim,2016,86.23233004632054,56.963944562899776,2245353.3671399592,0.0,12633.865217391305,1.76
IND,Sikkim,2017,86.23233004632054,56.963944562899776,2245353.3671399592,0.0,12633.865217391305,1.76
IND,Sikkim,2018,86.23233004632054,56.963944562899776,2245353.3671399592,0.0,12633.865217391305,1.76
IND,Sikkim,2019,86.23233004632054,56.963944562899776,2245353.3671399592,0.0,12633.865217391305,1.76
IND,Sikkim,2020,86.23233004632054,56.963944562899776,2245353.3671399592,0.0,12633.865217391305,1.76
IND,Sikkim,2021,86.23233004632054,56.963944562899776,2245353.3671399592,0.0,12633.865217391305,1.76
IND,Sikkim,2022,86.23233004632054,56.963944562899776,2245353.3671399592,0.0,12633.865217391305,1.76
IND,Tamil Nadu,1991,86.20254846296893,56.963944562899776,2245353.3671399592,587.0241050119332,12633.865217391305,4.501115679873983
IND,Tamil Nadu,2001,85.9,56.963944562899776,2245353.3671399592,587.0241050119332,12633.865217391305,89.94
IND,Tamil Nadu,2002,92.9,56.963944562899776,2245353.3671399592,587.0241050119332,12633.865217391305,0.72
IND,Tamil Nadu,2008,92.9,56.963944562899776,2245353.3671399592,587.0241050119332,12633.865217391305,0.72
IND,Tamil Nadu,2011,92.9,56.963944562899776,2245353.3671399592,587.0241050119332,12633.865217391305,76.4
IND,Tamil Nadu,2012,86.23233004632054,56.963944562899776,2245353.3671399592,587.0241050119332,12633.865217391305,1.18
IND,Tamil Nadu,2015,86.23233004632054,56.963944562899776,2245353.3671399592,0.0,12633.865217391305,1.18
IND,Tamil Nadu,2016,86.23233004632054,56.963944562899776,2245353.3671399592,0.0,12633.865217391305,1.18
IND,Tamil Nadu,2017,86.23233004632054,56.963944562899776,2245353.3671399592,0.0,12633.865217391305,1.18
IND,Tamil Nadu,2018,86.23233004632054,56.963944562899776,2245353.3671399592,0.0,12633.865217391305,1.18
IND,Tamil Nadu,2019,86.23233004632054,56.963944562899776,2245353.3671399592,0.0,12633.865217391305,1.18
IND,Tamil Nadu,2020,86.23233004632054,56.963944562899776,2245353.3671399592,0.0,12633.865217391305,1.18
IND,Tamil Nadu,2021,86.23233004632054,56.963944562899776,2245353.3671399592,0.0,12633.865217391305,1.18
IND,Tamil Nadu,2022,86.23233004632054,56.963944562899776,2245353.3671399592,0.0,12633.865217391305,1.18
IND,Telangana,1991,86.20254846296893,56.963944562899776,2245353.3671399592,587.0241050119332,12633.865217391305,4.501115679873983
IND,Telangana,2001,90.2,56.963944562899776,2245353.3671399592,587.0241050119332,12633.865217391305,71.92
IND,Telangana,2002,94.5,56.963944562899776,2245353.3671399592,587.0241050119332,12633.865217391305,2.21
IND,Telangana,2008,94.5,56.963944562899776,2245353.3671399592,587.0241050119332,12633.865217391305,2.21
IND,Telangana,2011,94.5,56.963944562899776,2245353.3671399592,587.0241050119332,12633.865217391305,78.95
IND,Telangana,2012,86.23233004632054,56.963944562899776,2245353.3671399592,587.0241050119332,12633.865217391305,1.48
IND,Telangana,2015,86.23233004632054,56.963944562899776,2245353.3671399592,0.0,12633.865217391305,1.48
IND,Telangana,2016,86.23233004632054,56.963944562899776,2245353.3671399592,0.0,12633.865217391305,1.48
IND,Telangana,2017,86.23233004632054,56.963944562899776,2245353.3671399592,0.0,12633.865217391305,1.48
IND,Telangana,2018,86.23233004632054,56.963944562899776,2245353.3671399592,0.0,12633.865217391305,1.48
IND,Telangana,2019,86.23233004632054,56.963944562899776,2245353.3671399592,2712.0,12633.865217391305,1.48
IND,Telangana,2020,86.23233004632054,56.963944562899776,2245353.3671399592,0.0,12633.865217391305,1.48
IND,Telangana,2021,86.23233004632054,56.963944562899776,2245353.3671399592,0.0,12633.865217391305,1.48
IND,Telangana,2022,86.23233004632054,56.963944562899776,2245353.3671399592,0.0,12633.865217391305,1.48
IND,The Dadra and Nagar Haveli and Daman and Diu,1991,86.20254846296893,56.963944562899776,2245353.3671399592,587.0241050119332,12633.865217391305,4.501115679873983
IND,The Dadra and Nagar Haveli and Daman and Diu,2001,97.89901623400912,56.963944562899776,2245353.3671399592,587.0241050119332,12633.865217391305,76.32783010398742
IND,The Dadra and Nagar Haveli and Daman and Diu,2002,98.78550347871624,56.963944562899776,2245353.3671399592,587.0241050119332,12633.865217391305,1.5696194920326176
IND,The Dadra and Nagar Haveli and Daman and Diu,2008,98.78550347871624,56.963944562899776,2245353.3671399592,587.0241050119332,12633.865217391305,1.5696194920326176
IND,The Dadra and Nagar Haveli and Daman and Diu,2011,98.78550347871624,56.963944562899776,2245353.3671399592,587.0241050119332,12633.865217391305,70.18979585920552
IND,The Dadra and Nagar Haveli and Daman and Diu,2012,86.23233004632054,56.963944562899776,2245353.3671399592,587.0241050119332,12633.865217391305,0.4327517393581207
IND,The Government of NCT of Delhi,2015,86.20254846296893,56.963944562899776,2245353.3671399592,0.0,12633.865217391305,4.501115679873983
IND,The Government of NCT of Delhi,2016,86.20254846296893,56.963944562899776,2245353.3671399592,0.0,12633.865217391305,4.501115679873983
IND,The Government of NCT of Delhi,2017,86.20254846296893,56.963944562899776,2245353.3671399592,0.0,12633.865217391305,4.501115679873983
IND,The Government of NCT of Delhi,2018,86.20254846296893,56.963944562899776,2245353.3671399592,0.0,12633.865217391305,4.501115679873983
IND,The Government of NCT of Delhi,2019,86.20254846296893,56.963944562899776,2245353.3671399592,0.0,12633.865217391305,4.501115679873983
IND,The Government of NCT of Delhi,2020,86.20254846296893,56.963944562899776,2245353.3671399592,0.0,12633.865217391305,4.501115679873983
IND,The Government of NCT of Delhi,2021,86.20254846296893,56.963944562899776,2245353.3671399592,0.0,12633.865217391305,4.501115679873983
IND,The Government of NCT of Delhi,2022,86.20254846296893,56.963944562899776,2245353.3671399592,0.0,12633.865217391305,4.501115679873983
IND,Tripura,1991,86.20254846296893,56.963944562899776,2245353.3671399592,587.0241050119332,12633.865217391305,4.501115679873983
IND,Tripura,2001,85.8,56.963944562899776,2245353.3671399592,587.0241050119332,12633.865217391305,61.6
IND,Tripura,2002,91.9,56.963944562899776,2245353.3671399592,587.0241050119332,12633.865217391305,4.25
IND,Tripura,2008,91.9,56.963944562899776,2245353.3671399592,587.0241050119332,12633.865217391305,4.25
IND,Tripura,2011,91.9,56.963944562899776,2245353.3671399592,587.0241050119332,12633.865217391305,63.63
IND,Tripura,2012,86.23233004632054,56.963944562899776,2245353.3671399592,587.0241050119332,12633.865217391305,4.23
IND,Tripura,2015,86.23233004632054,56.963944562899776,2245353.3671399592,0.0,12633.865217391305,4.23
IND,Tripura,2016,86.23233004632054,56.963944562899776,2245353.3671399592,0.0,12633.865217391305,4.23
IND,Tripura,2017,86.23233004632054,56.963944562899776,2245353.3671399592,0.0,12633.865217391305,4.23
IND,Tripura,2018,86.23233004632054,56.963944562899776,2245353.3671399592,0.0,12633.865217391305,4.23
IND,Tripura,2019,86.23233004632054,56.963944562899776,2245353.3671399592,0.0,12633.865217391305,4.23
IND,Tripura,2020,86.23233004632054,56.963944562899776,2245353.3671399592,0.0,12633.865217391305,4.23
IND,Tripura,2021,86.23233004632054,56.963944562899776,2245353.3671399592,0.0,12633.865217391305,4.23
IND,Tripura,2022,86.23233004632054,56.963944562899776,2245353.3671399592,0.0,12633.865217391305,4.23
IND,Uttar Pradesh,1991,86.20254846296893,56.963944562899776,2245353.3671399592,587.0241050119332,12633.865217391305,4.501115679873983
IND,Uttar Pradesh,2001,97.2,56.963944562899776,2245353.3671399592,587.0241050119332,12633.865217391305,54.9
IND,Uttar Pradesh,2002,97.9,56.963944562899776,2245353.3671399592,587.0241050119332,12633.865217391305,4.64
IND,Uttar Pradesh,2008,97.9,56.963944562899776,2245353.3671399592,587.0241050119332,12633.865217391305,4.64
IND,Uttar Pradesh,2011,97.9,56.963944562899776,2245353.3671399592,587.0241050119332,12633.865217391305,56.98
IND,Uttar Pradesh,2012,86.23233004632054,56.963944562899776,2245353.3671399592,587.0241050119332,12633.865217391305,3.88
IND,Uttar Pradesh,2015,86.23233004632054,56.963944562899776,2245353.3671399592,0.0,12633.865217391305,3.88
IND,Uttar Pradesh,2016,86.23233004632054,56.963944562899776,2245353.3671399592,0.0,12633.865217391305,3.88
IND,Uttar Pradesh,2017,86.23233004632054,56.963944562899776,2245353.3671399592,0.0,12633.865217391305,3.88
IND,Uttar Pradesh,2018,86.23233004632054,56.963944562899776,2245353.3671399592,0.0,12633.865217391305,3.88
IND,Uttar Pradesh,2019,86.23233004632054,56.963944562899776,2245353.3671399592,0.0,12633.865217391305,3.88
IND,Uttar Pradesh,2020,86.23233004632054,56.963944562899776,2245353.3671399592,0.0,12633.865217391305,3.88
IND,Uttar Pradesh,2021,86.23233004632054,56.963944562899776,2245353.3671399592,0.0,12633.865217391305,3.88
IND,Uttar Pradesh,2022,86.23233004632054,56.963944562899776,2245353.3671399592,0.0,12633.865217391305,3.88
IND,Uttarakhand,1991,86.20254846296893,56.963944562899776,2245353.3671399592,587.0241050119332,12633.865217391305,4.501115679873983
IND,Uttarakhand,2001,97.8,56.963944562899776,2245353.3671399592,587.0241050119332,12633.865217391305,70.95
IND,Uttarakhand,2002,98.7,56.963944562899776,2245353.3671399592,587.0241050119332,12633.865217391305,3.3
IND,Uttarakhand,2008,98.7,56.963944562899776,2245353.3671399592,587.0241050119332,12633.865217391305,3.3
IND,Uttarakhand,2011,98.7,56.963944562899776,2245353.3671399592,587.0241050119332,12633.865217391305,74.41
IND,Uttarakhand,2012,86.23233004632054,56.963944562899776,2245353.3671399592,587.0241050119332,12633.865217391305,2.53
IND,Uttarakhand,2015,86.23233004632054,56.963944562899776,2245353.3671399592,0.0,12633.865217391305,2.53
IND,Uttarakhand,2016,86.23233004632054,56.963944562899776,2245353.3671399592,0.0,12633.865217391305,2.53
IND,Uttarakhand,2017,86.23233004632054,56.963944562899776,2245353.3671399592,0.0,12633.865217391305,2.53
IND,Uttarakhand,2018,86.23233004632054,56.963944562899776,2245353.3671399592,0.0,12633.865217391305,2.53
IND,Uttarakhand,2019,86.23233004632054,56.963944562899776,2245353.3671399592,0.0,12633.865217391305,2.53
IND,Uttarakhand,2020,86.23233004632054,56.963944562899776,2245353.3671399592,0.0,12633.865217391305,2.53
IND,Uttarakhand,2021,86.23233004632054,56.963944562899776,2245353.3671399592,0.0,12633.865217391305,2.53
IND,Uttarakhand,2022,86.23233004632054,56.963944562899776,2245353.3671399592,0.0,12633.865217391305,2.53
IND,West Bengal,1991,86.20254846296893,56.963944562899776,2245353.3671399592,587.0241050119332,12633.865217391305,4.501115679873983
IND,West Bengal,2001,92.3,56.963944562899776,2245353.3671399592,587.0241050119332,12633.865217391305,53.77
IND,West Bengal,2002,93.9,56.963944562899776,2245353.3671399592,587.0241050119332,12633.865217391305,6.48
IND,West Bengal,2008,93.9,56.963944562899776,2245353.3671399592,587.0241050119332,12633.865217391305,6.48
IND,West Bengal,2011,93.9,56.963944562899776,2245353.3671399592,587.0241050119332,12633.865217391305,57.52
IND,West Bengal,2012,86.23233004632054,56.963944562899776,2245353.3671399592,587.0241050119332,12633.865217391305,6.6
IND,West Bengal,2015,86.23233004632054,56.963944562899776,2245353.3671399592,0.0,12633.865217391305,6.6
IND,West Bengal,2016,86.23233004632054,56.963944562899776,2245353.3671399592,0.0,12633.865217391305,6.6
IND,West Bengal,2017,86.23233004632054,56.963944562899776,2245353.3671399592,0.0,12633.865217391305,6.6
IND,West Bengal,2018,86.23233004632054,56.963944562899776,2245353.3671399592,0.0,12633.865217391305,6.6
IND,West Bengal,2019,86.23233004632054,56.963944562899776,2245353.3671399592,0.0,12633.865217391305,6.6
IND,West Bengal,2020,86.23233004632054,56.963944562899776,2245353.3671399592,0.0,12633.865217391305,6.6
IND,West Bengal,2021,86.23233004632054,56.963944562899776,2245353.3671399592,0.0,12633.865217391305,6.6
IND,West Bengal,2022,86.23233004632054,56.963944562899776,2245353.3671399592,0.0,12633.865217391305,6.6
